Name,Type,Status,Location,"Reference Unit Power
                            
                            [MW]","Gross Electrical Capacity 
                            
                            [MW]",First Grid Connection,Country
ATUCHA-1,PHWR,Operational,LIMA,340,362,1974-03-18,AR
ATUCHA-2,PHWR,Operational,LIMA,693,745,2014-06-24,AR
CAREM25,PWR,Under Construction,LIMA,25,29,,AR
EMBALSE,PHWR,Operational,EMBALSE,608,656,1983-04-24,AR
ARMENIAN-1,PWR,Permanent Shutdown,METSAMOR,376,408,1976-12-22,AM
ARMENIAN-2,PWR,Operational,METSAMOR,416,448,1980-01-05,AM
ROOPPUR-1,PWR,Under Construction,Pabna,1080,1200,NA,BD
ROOPPUR-2,PWR,Under Construction,Pabna,1080,1200,NA,BD
BELARUSIAN-1,PWR,Operational,Ostrovets,1110,1194,2020-11-03,BY
BELARUSIAN-2,PWR,Operational,Ostrovets,1110,1194,2023-05-13,BY
BR-3,PWR,Permanent Shutdown,MOL,10,12,1962-10-10,BE
DOEL-1,PWR,Operational,DOEL-BEVEREN,445,454,1974-08-28,BE
DOEL-2,PWR,Operational,DOEL-BEVEREN,445,454,1975-08-21,BE
DOEL-3,PWR,Permanent Shutdown,DOEL-BEVEREN,1006,1056,1982-06-23,BE
DOEL-4,PWR,Operational,DOEL-BEVEREN,1026,1090,1985-04-08,BE
TIHANGE-1,PWR,Operational,TIHANGE,962,1009,1975-03-07,BE
TIHANGE-2,PWR,Permanent Shutdown,TIHANGE,1008,1055,1982-10-13,BE
TIHANGE-3,PWR,Operational,TIHANGE,1030,1089,1985-06-15,BE
ANGRA-1,PWR,Operational,ANGRA DOS-REIS,609,640,1982-04-01,BR
ANGRA-2,PWR,Operational,ANGRA DOS-REIS,1275,1350,2000-07-21,BR
ANGRA-3,PWR,Under Construction,ANGRA DOS-REIS,1340,1405,,BR
KOZLODUY-1,PWR,Permanent Shutdown,VRATZA,408,440,1974-07-24,BG
KOZLODUY-2,PWR,Permanent Shutdown,VRATZA,408,440,1975-08-24,BG
KOZLODUY-3,PWR,Permanent Shutdown,VRATZA,408,440,1980-12-17,BG
KOZLODUY-4,PWR,Permanent Shutdown,VRATZA,408,440,1982-05-17,BG
KOZLODUY-5,PWR,Operational,VRATZA,1003,1040,1987-11-29,BG
KOZLODUY-6,PWR,Operational,VRATZA,1003,1040,1991-08-02,BG
BRUCE-3,PHWR,Operational,TIVERTON,770,865,1977-12-12,CA
BRUCE-4,PHWR,Operational,TIVERTON,807,868,1978-12-21,CA
BRUCE-1,PHWR,Operational,TIVERTON,811,868,1977-01-14,CA
BRUCE-2,PHWR,Operational,TIVERTON,777,836,1976-09-04,CA
BRUCE-5,PHWR,Operational,TIVERTON,817,872,1984-12-01,CA
BRUCE-6,PHWR,Operational,TIVERTON,817,891,1984-06-26,CA
BRUCE-7,PHWR,Operational,TIVERTON,817,872,1986-02-22,CA
BRUCE-8,PHWR,Operational,TIVERTON,817,872,1987-03-07,CA
DARLINGTON-1,PHWR,Operational,TOWN OF NEWCASTLE,878,934,1990-12-19,CA
DARLINGTON-2,PHWR,Operational,TOWN OF NEWCASTLE,878,934,1990-01-15,CA
DARLINGTON-3,PHWR,Operational,TOWN OF NEWCASTLE,878,934,1992-12-07,CA
DARLINGTON-4,PHWR,Operational,TOWN OF NEWCASTLE,878,934,1993-04-17,CA
DOUGLAS POINT,PHWR,Permanent Shutdown,TIVERTON,206,218,1967-01-07,CA
GENTILLY-2,PHWR,Permanent Shutdown,BECANCOUR,635,675,1982-12-04,CA
GENTILLY-1,HWLWR,Permanent Shutdown,BECANCOUR,250,266,1971-04-05,CA
ROLPHTON NPD,PHWR,Permanent Shutdown,ROLPHTON,22,25,1962-06-04,CA
PICKERING-5,PHWR,Operational,PICKERING,516,540,1982-12-19,CA
PICKERING-6,PHWR,Operational,PICKERING,516,540,1983-11-08,CA
PICKERING-7,PHWR,Operational,PICKERING,516,540,1984-11-17,CA
PICKERING-8,PHWR,Operational,PICKERING,516,540,1986-01-21,CA
PICKERING-1,PHWR,Permanent Shutdown,PICKERING,515,542,1971-04-04,CA
PICKERING-2,PHWR,Permanent Shutdown,PICKERING,515,542,1971-10-06,CA
PICKERING-3,PHWR,Permanent Shutdown,PICKERING,515,542,1972-05-03,CA
PICKERING-4,PHWR,Permanent Shutdown,PICKERING,515,542,1973-05-21,CA
POINT LEPREAU,PHWR,Operational,SAINT JOHN,660,705,1982-09-11,CA
SANAO-1,PWR,Under Construction,Wenzhou,1117,1210,,CN
SANAO-2,PWR,Under Construction,Wenzhou,1117,1210,,CN
CHANGJIANG-1,PWR,Operational,Changjiang,601,650,2015-11-07,CN
CHANGJIANG-2,PWR,Operational,Changjiang,601,650,2016-06-20,CN
CHANGJIANG-3,PWR,Under Construction,Changjiang,1000,1198,,CN
CHANGJIANG-4,PWR,Under Construction,Changjiang,1000,1198,,CN
LINGLONG-1,PWR,Under Construction,Changjiang,100,125,,CN
XIAPU-1,FBR,Under Construction,Xiapu,642,682,,CN
XIAPU-2,FBR,Under Construction,Xiapu,642,682,,CN
FANGCHENGGANG-1,PWR,Operational,Fangchenggang,1000,1086,2015-10-25,CN
FANGCHENGGANG-2,PWR,Operational,Fangchenggang,1000,1086,2016-07-15,CN
FANGCHENGGANG-3,PWR,Operational,Fangchenggang,1000,1180,2023-01-10,CN
FANGCHENGGANG-4,PWR,Operational,Fangchenggang,1000,1180,2024-04-09,CN
FUQING-1,PWR,Operational,Fuqing,1000,1089,2014-08-20,CN
FUQING-2,PWR,Operational,Fuqing,1000,1089,2015-08-06,CN
FUQING-3,PWR,Operational,Fuqing,1000,1089,2016-09-07,CN
FUQING-4,PWR,Operational,Fuqing,1000,1089,2017-07-29,CN
FUQING-5,PWR,Operational,Fuqing,1075,1161,2020-11-27,CN
FUQING-6,PWR,Operational,Fuqing,1075,1150,2022-01-01,CN
DAYA BAY-1,PWR,Operational,SHENZHEN CITY,944,984,1993-08-31,CN
DAYA BAY-2,PWR,Operational,SHENZHEN CITY,944,984,1994-02-07,CN
HAIYANG-1,PWR,Operational,Haiyang,1170,1250,2018-08-17,CN
HAIYANG-2,PWR,Operational,Haiyang,1170,1250,2018-10-13,CN
HAIYANG-3,PWR,Under Construction,Haiyang,1161,1253,,CN
HAIYANG-4,PWR,Under Construction,Haiyang,1161,1253,,CN
HONGYANHE-1,PWR,Operational,DALIAN,1061,1119,2013-02-17,CN
HONGYANHE-2,PWR,Operational,DALIAN,1061,1119,2013-11-23,CN
HONGYANHE-3,PWR,Operational,DALIAN,1061,1119,2015-03-23,CN
HONGYANHE-4,PWR,Operational,DALIAN,1061,1119,2016-04-01,CN
HONGYANHE-5,PWR,Operational,DALIAN,1061,1119,2021-06-25,CN
HONGYANHE-6,PWR,Operational,DALIAN,1061,1119,2022-05-02,CN
LIANJIANG-1,PWR,Under Construction,Lianjiang,1224,1224,,CN
LIANJIANG-2,PWR,Under Construction,Lianjiang,1224,1224,,CN
LING AO-1,PWR,Operational,SHENZEN,950,990,2002-02-26,CN
LING AO-2,PWR,Operational,SHENZEN,950,990,2002-09-14,CN
LING AO-3,PWR,Operational,SHENZEN,1007,1086,2010-07-15,CN
LING AO-4,PWR,Operational,SHENZEN,1007,1086,2011-05-03,CN
LUFENG-5,PWR,Under Construction,Lufeng,1116,1200,,CN
LUFENG-6,PWR,Under Construction,Lufeng,1116,1200,,CN
NINGDE-1,PWR,Operational,Ningde,1018,1089,2012-12-28,CN
NINGDE-2,PWR,Operational,Ningde,1018,1089,2014-01-04,CN
NINGDE-3,PWR,Operational,Ningde,1018,1089,2015-03-21,CN
NINGDE-4,PWR,Operational,Ningde,1018,1089,2016-03-29,CN
NINGDE-5,PWR,Under Construction,Ningde,1200,1200,,CN
QINSHAN-1,PWR,Operational,Jiaxing,326,330,1991-12-15,CN
QINSHAN 2-3,PWR,Operational,Jiaxing,623,660,2010-08-01,CN
QINSHAN 2-4,PWR,Operational,Jiaxing,623,660,2011-11-25,CN
FANGJIASHAN-1,PWR,Operational,Jiaxing,1012,1089,2014-11-04,CN
FANGJIASHAN-2,PWR,Operational,Jiaxing,1012,1089,2015-01-12,CN
QINSHAN 2-1,PWR,Operational,Jiaxing,623,650,2002-02-06,CN
QINSHAN 2-2,PWR,Operational,Jiaxing,623,650,2004-03-11,CN
QINSHAN 3-1,PHWR,Operational,Jiaxing,677,728,2002-11-19,CN
QINSHAN 3-2,PHWR,Operational,Jiaxing,677,728,2003-06-12,CN
SANMEN-1,PWR,Operational,Taizhou,1157,1251,2018-06-30,CN
SANMEN-2,PWR,Operational,Taizhou,1157,1251,2018-08-24,CN
SANMEN-3,PWR,Under Construction,Taizhou,1163,1251,,CN
SANMEN-4,PWR,Under Construction,Taizhou,1163,1251,,CN
SHIDAO BAY-1,HTGR,Operational,Weihai,150,211,2021-12-14,CN
SHIDAOWAN-1,PWR,Under Construction,Weihai,1134,1225,,CN
TAIPINGLING-1,PWR,Under Construction,HUIZHOU,1116,1202,,CN
TAIPINGLING-2,PWR,Under Construction,HUIZHOU,1116,1202,,CN
TAISHAN-1,PWR,Operational,Taishan,1660,1750,2018-06-29,CN
TAISHAN-2,PWR,Operational,Taishan,1660,1750,2019-06-23,CN
TIANWAN-1,PWR,Operational,Lianyungang,1000,1060,2006-05-12,CN
TIANWAN-2,PWR,Operational,Lianyungang,1000,1060,2007-05-14,CN
TIANWAN-3,PWR,Operational,Lianyungang,1060,1126,2017-12-30,CN
TIANWAN-4,PWR,Operational,Lianyungang,1060,1126,2018-10-27,CN
TIANWAN-5,PWR,Operational,Lianyungang,1060,1118,2020-08-08,CN
TIANWAN-6,PWR,Operational,Lianyungang,1060,1118,2021-05-11,CN
TIANWAN-7,PWR,Under Construction,Lianyungang,1171,1265,,CN
TIANWAN-8,PWR,Under Construction,Lianyungang,1171,1265,,CN
XUDAPU-3,PWR,Under Construction,Xingcheng,1200,1274,,CN
XUDAPU-4,PWR,Under Construction,Xingcheng,1200,1274,,CN
XUDAPU-1,PWR,Under Construction,Xingcheng,1000,1290,,CN
XUDAPU-2,PWR,Under Construction,Xingcheng,1000,1290,,CN
YANGJIANG-1,PWR,Operational,Yangjiang,1000,1086,2013-12-31,CN
YANGJIANG-2,PWR,Operational,Yangjiang,1000,1086,2015-03-10,CN
YANGJIANG-3,PWR,Operational,Yangjiang,1000,1086,2015-10-18,CN
YANGJIANG-4,PWR,Operational,Yangjiang,1000,1086,2017-01-08,CN
YANGJIANG-5,PWR,Operational,Yangjiang,1000,1086,2018-05-23,CN
YANGJIANG-6,PWR,Operational,Yangjiang,1000,1086,2019-06-29,CN
ZHANGZHOU-1,PWR,Under Construction,ZHANGZHOU,1126,1212,,CN
ZHANGZHOU-2,PWR,Under Construction,ZHANGZHOU,1126,1212,,CN
ZHANGZHOU-3,PWR,Under Construction,ZHANGZHOU,1129,1214,,CN
ZHANGZHOU-4,PWR,Under Construction,ZHANGZHOU,1129,1214,,CN
DUKOVANY-1,PWR,Operational,DUKOVANY,468,500,1985-02-24,CZ
DUKOVANY-2,PWR,Operational,DUKOVANY,471,500,1986-01-30,CZ
DUKOVANY-3,PWR,Operational,DUKOVANY,468,500,1986-11-14,CZ
DUKOVANY-4,PWR,Operational,DUKOVANY,471,500,1987-06-11,CZ
TEMELIN-1,PWR,Operational,TEMELIN,1027,1082,2000-12-21,CZ
TEMELIN-2,PWR,Operational,TEMELIN,1029,1082,2002-12-29,CZ
EL DABAA-1,PWR,Under Construction,WEST ALEXANDRIA,1100,1200,NA,EG
EL DABAA-2,PWR,Under Construction,WEST ALEXANDRIA,1100,1200,NA,EG
EL DABAA-3,PWR,Under Construction,WEST ALEXANDRIA,1100,1200,NA,EG
EL DABAA-4,PWR,Under Construction,WEST ALEXANDRIA,1100,1200,NA,EG
LOVIISA-1,PWR,Operational,LOVIISA,507,531,1977-02-08,FI
LOVIISA-2,PWR,Operational,LOVIISA,507,531,1980-11-04,FI
OLKILUOTO-1,BWR,Operational,OLKILUOTO,890,920,1978-09-02,FI
OLKILUOTO-2,BWR,Operational,OLKILUOTO,890,920,1980-02-18,FI
OLKILUOTO-3,PWR,Operational,OLKILUOTO,1575,1660,2022-03-12,FI
BELLEVILLE-1,PWR,Operational,LERE,1310,1363,1987-10-14,FR
BELLEVILLE-2,PWR,Operational,LERE,1310,1363,1988-07-06,FR
BLAYAIS-1,PWR,Operational,BRAUD ST.LOUIS,910,951,1981-06-12,FR
BLAYAIS-2,PWR,Operational,BRAUD ST.LOUIS,910,951,1982-07-17,FR
BLAYAIS-3,PWR,Operational,BRAUD ST.LOUIS,910,951,1983-08-17,FR
BLAYAIS-4,PWR,Operational,BRAUD ST.LOUIS,910,951,1983-05-16,FR
BUGEY-2,PWR,Operational,ST.VULBAS,910,945,1978-05-10,FR
BUGEY-3,PWR,Operational,ST.VULBAS,910,945,1978-09-21,FR
BUGEY-4,PWR,Operational,ST.VULBAS,880,917,1979-03-08,FR
BUGEY-5,PWR,Operational,ST.VULBAS,880,917,1979-07-31,FR
BUGEY-1,GCR,Permanent Shutdown,ST.VULBAS,540,555,1972-04-15,FR
CATTENOM-1,PWR,Operational,CATTENOM,1300,1362,1986-11-13,FR
CATTENOM-2,PWR,Operational,CATTENOM,1300,1362,1987-09-17,FR
CATTENOM-3,PWR,Operational,CATTENOM,1300,1362,1990-07-06,FR
CATTENOM-4,PWR,Operational,CATTENOM,1300,1362,1991-05-27,FR
CHINON A-1,GCR,Permanent Shutdown,AVOINE,70,80,1963-06-14,FR
CHINON A-2,GCR,Permanent Shutdown,AVOINE,180,230,1965-02-24,FR
CHINON A-3,GCR,Permanent Shutdown,AVOINE,360,480,1966-08-04,FR
CHINON B-1,PWR,Operational,AVOINE,905,954,1982-11-30,FR
CHINON B-2,PWR,Operational,AVOINE,905,954,1983-11-29,FR
CHINON B-3,PWR,Operational,AVOINE,905,954,1986-10-20,FR
CHINON B-4,PWR,Operational,AVOINE,905,954,1987-11-14,FR
CHOOZ-A (ARDENNES),PWR,Permanent Shutdown,CHOOZ,305,320,1967-04-03,FR
CHOOZ B-1,PWR,Operational,CHOOZ,1500,1560,1996-08-30,FR
CHOOZ B-2,PWR,Operational,CHOOZ,1500,1560,1997-04-10,FR
CIVAUX-1,PWR,Operational,CIVAUX,1495,1561,1997-12-24,FR
CIVAUX-2,PWR,Operational,CIVAUX,1495,1561,1999-12-24,FR
SUPER-PHENIX,FBR,Permanent Shutdown,CREYS-MALVILLE,1200,1242,1986-01-14,FR
CRUAS-1,PWR,Operational,CRUAS,915,956,1983-04-29,FR
CRUAS-2,PWR,Operational,CRUAS,915,956,1984-09-06,FR
CRUAS-3,PWR,Operational,CRUAS,915,956,1984-05-14,FR
CRUAS-4,PWR,Operational,CRUAS,915,956,1984-10-27,FR
DAMPIERRE-1,PWR,Operational,DAMPIERRE-EN-BURLY,890,937,1980-03-23,FR
DAMPIERRE-2,PWR,Operational,DAMPIERRE-EN-BURLY,890,937,1980-12-10,FR
DAMPIERRE-3,PWR,Operational,DAMPIERRE-EN-BURLY,890,937,1981-01-30,FR
DAMPIERRE-4,PWR,Operational,DAMPIERRE-EN-BURLY,890,937,1981-08-18,FR
FESSENHEIM-1,PWR,Permanent Shutdown,FESSENHEIM,880,920,1977-04-06,FR
FESSENHEIM-2,PWR,Permanent Shutdown,FESSENHEIM,880,920,1977-10-07,FR
FLAMANVILLE-1,PWR,Operational,FLAMANVILLE,1330,1382,1985-12-04,FR
FLAMANVILLE-2,PWR,Operational,FLAMANVILLE,1330,1382,1986-07-18,FR
FLAMANVILLE-3,PWR,Operational,FLAMANVILLE,1630,1650,2024-12-21,FR
GOLFECH-1,PWR,Operational,GOLFECH,1310,1363,1990-06-07,FR
GOLFECH-2,PWR,Operational,GOLFECH,1310,1363,1993-06-18,FR
GRAVELINES-1,PWR,Operational,GRAVELINES,910,951,1980-03-13,FR
GRAVELINES-2,PWR,Operational,GRAVELINES,910,951,1980-08-26,FR
GRAVELINES-3,PWR,Operational,GRAVELINES,910,951,1980-12-12,FR
GRAVELINES-4,PWR,Operational,GRAVELINES,910,951,1981-06-14,FR
GRAVELINES-5,PWR,Operational,GRAVELINES,910,951,1984-08-28,FR
GRAVELINES-6,PWR,Operational,GRAVELINES,910,951,1985-08-01,FR
G-3 (MARCOULE),GCR,Permanent Shutdown,MARCOULE,40,43,1960-04-04,FR
G-2 (MARCOULE),GCR,Permanent Shutdown,MARCOULE,39,43,1959-04-22,FR
EL-4 (MONTS D'ARREE),HWGCR,Permanent Shutdown,BRENNILIS,70,75,1967-07-09,FR
NOGENT-1,PWR,Operational,NOGENT-SUR-SEINE,1310,1363,1987-10-21,FR
NOGENT-2,PWR,Operational,NOGENT-SUR-SEINE,1310,1363,1988-12-14,FR
PALUEL-1,PWR,Operational,PALUEL,1330,1382,1984-06-22,FR
PALUEL-2,PWR,Operational,PALUEL,1330,1382,1984-09-14,FR
PALUEL-3,PWR,Operational,PALUEL,1330,1382,1985-09-30,FR
PALUEL-4,PWR,Operational,PALUEL,1330,1382,1986-04-11,FR
PENLY-1,PWR,Operational,PENLY,1330,1382,1990-05-04,FR
PENLY-2,PWR,Operational,PENLY,1330,1382,1992-02-04,FR
PHENIX,FBR,Permanent Shutdown,MARCOULE,130,142,1973-12-13,FR
ST. ALBAN-1,PWR,Operational,SAINT-MAURICE-L'EXIL,1335,1381,1985-08-30,FR
ST. ALBAN-2,PWR,Operational,SAINT-MAURICE-L'EXIL,1335,1381,1986-07-03,FR
ST. LAURENT B-1,PWR,Operational,ST. LAURENT DES EAUX,915,956,1981-01-21,FR
ST. LAURENT B-2,PWR,Operational,ST. LAURENT DES EAUX,915,956,1981-06-01,FR
ST. LAURENT A-1,GCR,Permanent Shutdown,ST. LAURENT DES EAUX,390,500,1969-03-14,FR
ST. LAURENT A-2,GCR,Permanent Shutdown,ST. LAURENT DES EAUX,465,530,1971-08-09,FR
TRICASTIN-1,PWR,Operational,PIERRELATTE,915,955,1980-05-31,FR
TRICASTIN-2,PWR,Operational,PIERRELATTE,915,955,1980-08-07,FR
TRICASTIN-3,PWR,Operational,PIERRELATTE,915,955,1981-02-10,FR
TRICASTIN-4,PWR,Operational,PIERRELATTE,915,955,1981-06-12,FR
AVR JUELICH,HTGR,Permanent Shutdown,JUELICH,13,15,1967-12-17,DE
BIBLIS-A,PWR,Permanent Shutdown,BIBLIS,1167,1225,1974-08-25,DE
BIBLIS-B,PWR,Permanent Shutdown,BIBLIS,1240,1300,1976-04-25,DE
BROKDORF,PWR,Permanent Shutdown,OSTERENDE,1410,1480,1986-10-14,DE
BRUNSBUETTEL,BWR,Permanent Shutdown,BRUNSBUETTEL,771,806,1976-07-13,DE
EMSLAND,PWR,Permanent Shutdown,LINGEN (EMS),1335,1406,1988-04-19,DE
GRAFENRHEINFELD,PWR,Permanent Shutdown,SCHWEINFURT,1275,1345,1981-12-30,DE
GREIFSWALD-1,PWR,Permanent Shutdown,GREIFSWALD,408,440,1973-12-17,DE
GREIFSWALD-2,PWR,Permanent Shutdown,GREIFSWALD,408,440,1974-12-23,DE
GREIFSWALD-3,PWR,Permanent Shutdown,GREIFSWALD,408,440,1977-10-24,DE
GREIFSWALD-4,PWR,Permanent Shutdown,GREIFSWALD,408,440,1979-09-03,DE
GREIFSWALD-5,PWR,Permanent Shutdown,GREIFSWALD,408,440,1989-04-24,DE
GROHNDE,PWR,Permanent Shutdown,GROHNDE,1360,1430,1984-09-05,DE
GUNDREMMINGEN-B,BWR,Permanent Shutdown,GUNDREMMINGEN,1284,1344,1984-03-16,DE
GUNDREMMINGEN-C,BWR,Permanent Shutdown,GUNDREMMINGEN,1288,1344,1984-11-02,DE
GUNDREMMINGEN-A,BWR,Permanent Shutdown,GUNDREMMINGEN,237,250,1966-12-01,DE
HDR GROSSWELZHEIM,BWR,Decommissioning Completed,KARLSTEIN,25,27,1970-08-02,DE
ISAR-1,BWR,Permanent Shutdown,ESSENBACH,878,912,1977-12-03,DE
ISAR-2,PWR,Permanent Shutdown,ESSENBACH,1410,1485,1988-01-22,DE
KNK II,FBR,Permanent Shutdown,EGGENSTEIN,17,21,1978-04-09,DE
KRUEMMEL,BWR,Permanent Shutdown,GEESTHACHT,1346,1402,1983-09-28,DE
LINGEN,BWR,Permanent Shutdown,LINGEN,183,268,1968-07-01,DE
MUELHEIM-KAERLICH,PWR,Permanent Shutdown,MULHEIM-KAERLICH,1219,1302,1986-03-14,DE
MZFR,PHWR,Permanent Shutdown,KARLSRUHE,52,57,1966-03-09,DE
NECKARWESTHEIM-1,PWR,Permanent Shutdown,NECKARWESTHEIM,785,840,1976-06-03,DE
NECKARWESTHEIM-2,PWR,Permanent Shutdown,NECKARWESTHEIM,1310,1400,1989-01-03,DE
NIEDERAICHBACH,HWGCR,Decommissioning Completed,KARLSTEIN,100,106,1973-10-10,DE
OBRIGHEIM,PWR,Permanent Shutdown,OBRIGHEIM,340,357,1968-10-29,DE
PHILIPPSBURG-1,BWR,Permanent Shutdown,PHILIPPSBURG,890,926,1979-05-05,DE
PHILIPPSBURG-2,PWR,Permanent Shutdown,PHILIPPSBURG,1402,1468,1984-12-17,DE
RHEINSBERG,PWR,Permanent Shutdown,GRANSEE,62,70,1966-05-06,DE
STADE,PWR,Permanent Shutdown,STADE,640,672,1972-01-29,DE
THTR-300,HTGR,Permanent Shutdown,HAMM-UENTROP,296,308,1985-11-16,DE
UNTERWESER,PWR,Permanent Shutdown,STADLAND,1345,1410,1978-09-29,DE
VAK KAHL,BWR,Decommissioning Completed,KAHL,15,16,1961-06-17,DE
WUERGASSEN,BWR,Permanent Shutdown,WUERGASSEN,640,670,1971-12-18,DE
PAKS-1,PWR,Operational,PAKS,479,509,1982-12-28,HU
PAKS-2,PWR,Operational,PAKS,479,506,1984-09-06,HU
PAKS-3,PWR,Operational,PAKS,479,506,1986-09-28,HU
PAKS-4,PWR,Operational,PAKS,479,506,1987-08-16,HU
KAIGA-1,PHWR,Operational,KAIGA,202,220,2000-10-12,IN
KAIGA-2,PHWR,Operational,KAIGA,202,220,1999-12-02,IN
KAIGA-3,PHWR,Operational,KAIGA,202,220,2007-04-11,IN
KAIGA-4,PHWR,Operational,KAIGA,202,220,2011-01-19,IN
KAKRAPAR-2,PHWR,Operational,SURAT,202,220,1995-03-04,IN
KAKRAPAR-3,PHWR,Operational,SURAT,630,700,2021-01-10,IN
KAKRAPAR-4,PHWR,Operational,SURAT,630,700,2024-02-20,IN
KAKRAPAR-1,PHWR,Operational,SURAT,202,220,1992-11-24,IN
KUDANKULAM-1,PWR,Operational,Tirunellveli-Kattabomman,932,1000,2013-10-22,IN
KUDANKULAM-2,PWR,Operational,Tirunellveli-Kattabomman,932,1000,2016-08-29,IN
KUDANKULAM-3,PWR,Under Construction,Tirunellveli-Kattabomman,917,1000,,IN
KUDANKULAM-4,PWR,Under Construction,Tirunellveli-Kattabomman,917,1000,,IN
KUDANKULAM-5,PWR,Under Construction,Tirunellveli-Kattabomman,917,1000,,IN
KUDANKULAM-6,PWR,Under Construction,Tirunellveli-Kattabomman,917,1000,,IN
PFBR,FBR,Under Construction,MADRAS,470,500,,IN
MADRAS-1,PHWR,Suspended Operation,MADRAS,205,220,1983-07-23,IN
MADRAS-2,PHWR,Operational,MADRAS,205,220,1985-09-20,IN
NARORA-1,PHWR,Operational,NARORA,202,220,1989-07-29,IN
NARORA-2,PHWR,Operational,NARORA,202,220,1992-01-05,IN
RAJASTHAN-3,PHWR,Operational,KOTA,202,220,2000-03-10,IN
RAJASTHAN-4,PHWR,Operational,KOTA,202,220,2000-11-17,IN
RAJASTHAN-5,PHWR,Operational,KOTA,202,220,2009-12-22,IN
RAJASTHAN-6,PHWR,Operational,KOTA,202,220,2010-03-28,IN
RAJASTHAN-7,PHWR,Under Construction,KOTA,630,700,,IN
RAJASTHAN-8,PHWR,Under Construction,KOTA,630,700,,IN
RAJASTHAN-1,PHWR,Suspended Operation,KOTA,134,100,1972-11-30,IN
RAJASTHAN-2,PHWR,Operational,KOTA,187,200,1980-11-01,IN
TARAPUR-1,BWR,Suspended Operation,BOISAR,150,160,1969-04-01,IN
TARAPUR-2,BWR,Suspended Operation,BOISAR,150,160,1969-05-05,IN
TARAPUR-3,PHWR,Operational,BOISAR,490,540,2006-06-15,IN
TARAPUR-4,PHWR,Operational,BOISAR,490,540,2005-06-04,IN
BUSHEHR-1,PWR,Operational,HALILEH,915,1000,2011-09-03,IR
BUSHEHR-2,PWR,Under Construction,HALILEH,974,1057,,IR
CAORSO,BWR,Permanent Shutdown,CAORSO,860,882,1978-05-23,IT
ENRICO FERMI,PWR,Permanent Shutdown,TRINO VERCELLESE,260,270,1964-10-22,IT
GARIGLIANO,BWR,Permanent Shutdown,SESSA AURUNCA,150,160,1964-01-01,IT
LATINA,GCR,Permanent Shutdown,BORGO SABOTINO,153,160,1963-05-12,IT
FUGEN ATR,HWLWR,Permanent Shutdown,TSURUGA,148,165,1978-07-29,JP
FUKUSHIMA-DAIICHI-3,BWR,Permanent Shutdown,OHKUMA-MACHI,760,784,1974-10-26,JP
FUKUSHIMA-DAIICHI-4,BWR,Permanent Shutdown,OHKUMA-MACHI,760,784,1978-02-24,JP
FUKUSHIMA-DAIICHI-5,BWR,Permanent Shutdown,OHKUMA-MACHI,760,784,1977-09-22,JP
FUKUSHIMA-DAIICHI-6,BWR,Permanent Shutdown,OHKUMA-MACHI,1067,1100,1979-05-04,JP
FUKUSHIMA-DAIICHI-1,BWR,Permanent Shutdown,OHKUMA-MACHI,439,460,1970-11-17,JP
FUKUSHIMA-DAIICHI-2,BWR,Permanent Shutdown,OHKUMA-MACHI,760,784,1973-12-24,JP
FUKUSHIMA-DAINI-1,BWR,Permanent Shutdown,NARAHA-MACHI,1067,1100,1981-07-31,JP
FUKUSHIMA-DAINI-2,BWR,Permanent Shutdown,NARAHA-MACHI,1067,1100,1983-06-23,JP
FUKUSHIMA-DAINI-3,BWR,Permanent Shutdown,NARAHA-MACHI,1067,1100,1984-12-14,JP
FUKUSHIMA-DAINI-4,BWR,Permanent Shutdown,NARAHA-MACHI,1067,1100,1986-12-17,JP
GENKAI-1,PWR,Permanent Shutdown,GENKAI-CHO,529,559,1975-02-14,JP
GENKAI-2,PWR,Permanent Shutdown,GENKAI-CHO,529,559,1980-06-03,JP
GENKAI-3,PWR,Operational,GENKAI-CHO,1127,1180,1993-06-15,JP
GENKAI-4,PWR,Operational,GENKAI-CHO,1127,1180,1996-11-12,JP
HAMAOKA-1,BWR,Permanent Shutdown,OMAEZAKI-SHI,516,540,1974-08-13,JP
HAMAOKA-2,BWR,Permanent Shutdown,OMAEZAKI-SHI,814,840,1978-05-04,JP
HAMAOKA-3,BWR,Suspended Operation,OMAEZAKI-SHI,1056,1100,1987-01-20,JP
HAMAOKA-4,BWR,Suspended Operation,OMAEZAKI-SHI,1092,1137,1993-01-27,JP
HAMAOKA-5,BWR,Suspended Operation,OMAEZAKI-SHI,1325,1380,2004-04-30,JP
HIGASHI DORI-1 (TOHOKU),BWR,Suspended Operation,Higashidori-mura,1067,1100,2005-03-09,JP
IKATA-1,PWR,Permanent Shutdown,IKATA-CHO,538,566,1977-02-17,JP
IKATA-2,PWR,Permanent Shutdown,IKATA-CHO,538,566,1981-08-19,JP
IKATA-3,PWR,Operational,IKATA-CHO,846,890,1994-03-29,JP
JPDR,BWR,Permanent Shutdown,TOKAI-MURA,12,13,1963-10-26,JP
KASHIWAZAKI KARIWA-1,BWR,Suspended Operation,KASHIWAZAKI-SHI,1067,1100,1985-02-13,JP
KASHIWAZAKI KARIWA-2,BWR,Suspended Operation,KASHIWAZAKI-SHI,1067,1100,1990-02-08,JP
KASHIWAZAKI KARIWA-5,BWR,Suspended Operation,KASHIWAZAKI-SHI,1067,1100,1989-09-12,JP
KASHIWAZAKI KARIWA-3,BWR,Suspended Operation,KASHIWAZAKI-SHI,1067,1100,1992-12-08,JP
KASHIWAZAKI KARIWA-4,BWR,Suspended Operation,KASHIWAZAKI-SHI,1067,1100,1993-12-21,JP
KASHIWAZAKI KARIWA-6,BWR,Suspended Operation,KASHIWAZAKI-SHI,1315,1356,1996-01-29,JP
KASHIWAZAKI KARIWA-7,BWR,Suspended Operation,KASHIWAZAKI-SHI,1315,1356,1996-12-17,JP
MIHAMA-3,PWR,Operational,MIHAMA,780,826,1976-02-19,JP
MIHAMA-1,PWR,Permanent Shutdown,MIHAMA,320,340,1970-08-08,JP
MIHAMA-2,PWR,Permanent Shutdown,MIHAMA,470,500,1972-04-21,JP
MONJU,FBR,Permanent Shutdown,TSURUGA,246,280,1995-08-29,JP
OHI-1,PWR,Permanent Shutdown,OHI,1120,1175,1977-12-23,JP
OHI-2,PWR,Permanent Shutdown,OHI,1120,1175,1978-10-11,JP
OHI-3,PWR,Operational,OHI,1127,1180,1991-06-07,JP
OHI-4,PWR,Operational,OHI,1127,1180,1992-06-19,JP
OHMA,BWR,Under Construction,OHMA,1328,1383,,JP
ONAGAWA-1,BWR,Permanent Shutdown,"ONAGAWA, ISHINOMAKI",498,524,1983-11-18,JP
ONAGAWA-2,BWR,Operational,"ONAGAWA, ISHINOMAKI",796,825,1994-12-23,JP
ONAGAWA-3,BWR,Suspended Operation,"ONAGAWA, ISHINOMAKI",796,825,2001-05-30,JP
SENDAI-1,PWR,Operational,SATSUMASENDAI,846,890,1983-09-16,JP
SENDAI-2,PWR,Operational,SATSUMASENDAI,846,890,1985-04-05,JP
SHIKA-1,BWR,Suspended Operation,SHIKA-MACHI,505,540,1993-01-12,JP
SHIKA-2,BWR,Suspended Operation,SHIKA-MACHI,1108,1206,2005-07-04,JP
SHIMANE-2,BWR,Operational,MATSUE,789,820,1988-07-11,JP
SHIMANE-3,BWR,Under Construction,MATSUE,1325,1373,,JP
SHIMANE-1,BWR,Permanent Shutdown,MATSUE,439,460,1973-12-02,JP
TAKAHAMA-2,PWR,Operational,TAKAHAMA,780,826,1975-01-17,JP
TAKAHAMA-3,PWR,Operational,TAKAHAMA,830,870,1984-05-09,JP
TAKAHAMA-4,PWR,Operational,TAKAHAMA,830,870,1984-11-01,JP
TAKAHAMA-1,PWR,Operational,TAKAHAMA,780,826,1974-03-27,JP
TOKAI-1,GCR,Permanent Shutdown,TOKAI MURA,137,166,1965-11-10,JP
TOKAI-2,BWR,Suspended Operation,TOKAI MURA,1060,1100,1978-03-13,JP
TOMARI-1,PWR,Suspended Operation,TOMARI VILLAGE,550,579,1988-12-06,JP
TOMARI-2,PWR,Suspended Operation,TOMARI VILLAGE,550,579,1990-08-27,JP
TOMARI-3,PWR,Suspended Operation,TOMARI VILLAGE,866,912,2009-03-20,JP
TSURUGA-1,BWR,Permanent Shutdown,TSURUGA CITY,340,357,1969-11-16,JP
TSURUGA-2,PWR,Suspended Operation,TSURUGA CITY,1108,1160,1986-06-19,JP
AKTAU,FBR,Permanent Shutdown,MANGYSTAU,52,90,1973-07-16,KZ
HANBIT-3,PWR,Operational,Yeonggwang-gun,986,1041,1994-10-30,KR
HANBIT-4,PWR,Operational,Yeonggwang-gun,970,1041,1995-07-18,KR
HANBIT-5,PWR,Operational,Yeonggwang-gun,992,1051,2001-12-19,KR
HANBIT-6,PWR,Operational,Yeonggwang-gun,993,1053,2002-09-16,KR
HANBIT-1,PWR,Operational,Yeonggwang-gun,995,1025,1986-03-05,KR
HANBIT-2,PWR,Operational,Yeonggwang-gun,988,1024,1986-11-11,KR
HANUL-2,PWR,Operational,Ulchin-gun,967,1011,1989-04-14,KR
HANUL-3,PWR,Operational,Ulchin-gun,997,1051,1998-01-06,KR
HANUL-4,PWR,Operational,Ulchin-gun,999,1052,1998-12-28,KR
HANUL-5,PWR,Operational,Ulchin-gun,998,1049,2003-12-18,KR
HANUL-6,PWR,Operational,Ulchin-gun,997,1049,2005-01-07,KR
HANUL-1,PWR,Operational,Ulchin-gun,966,1014,1988-04-07,KR
KORI-1,PWR,Permanent Shutdown,Gijang-gun,576,607,1977-06-26,KR
KORI-2,PWR,Operational,Gijang-gun,640,681,1983-04-22,KR
KORI-3,PWR,Operational,Gijang-gun,1011,1046,1985-01-22,KR
KORI-4,PWR,Operational,Gijang-gun,1012,1046,1985-12-31,KR
SAEUL-1,PWR,Operational,Ulsan,1416,1488,2016-01-15,KR
SAEUL-2,PWR,Operational,Ulsan,1418,1491,2019-04-22,KR
SAEUL-3,PWR,Under Construction,Ulsan,1340,1400,,KR
SAEUL-4,PWR,Under Construction,Ulsan,1340,1400,,KR
SHIN-HANUL-1,PWR,Operational,Ulchin-gun,1414,1455,2022-06-09,KR
SHIN-HANUL-2,PWR,Operational,Ulchin-gun,1340,1455,2023-12-21,KR
SHIN-KORI-1,PWR,Operational,Busan & Ulsan,996,1048,2010-08-04,KR
SHIN-KORI-2,PWR,Operational,Busan & Ulsan,996,1047,2012-01-28,KR
SHIN-WOLSONG-1,PWR,Operational,Gyeongju-si,997,1048,2012-01-27,KR
SHIN-WOLSONG-2,PWR,Operational,Gyeongju-si,993,1048,2015-02-26,KR
WOLSONG-3,PHWR,Operational,Gyeongju-si,601,624,1998-03-25,KR
WOLSONG-4,PHWR,Operational,Gyeongju-si,567,589,1999-05-21,KR
WOLSONG-1,PHWR,Permanent Shutdown,Gyeongju-si,661,683,1982-12-31,KR
WOLSONG-2,PHWR,Operational,Gyeongju-si,576,599,1997-04-01,KR
IGNALINA-1,LWGR,Permanent Shutdown,VISAGINAS,1185,1300,1983-12-31,LT
IGNALINA-2,LWGR,Permanent Shutdown,VISAGINAS,1185,1300,1987-08-20,LT
LAGUNA VERDE-1,BWR,Operational,ALTO LUCERO,777,805,1989-04-09,MX
LAGUNA VERDE-2,BWR,Operational,ALTO LUCERO,775,803,1994-11-11,MX
BORSSELE,PWR,Operational,BORSSELE,482,515,1973-07-04,NL
DODEWAARD,BWR,Permanent Shutdown,DODEWAARD,55,60,1968-10-18,NL
CHASNUPP-1,PWR,Operational,KUNDIAN,300,325,2000-06-13,PK
CHASNUPP-2,PWR,Operational,KUNDIAN,300,325,2011-03-14,PK
CHASNUPP-3,PWR,Operational,KUNDIAN,315,340,2016-10-15,PK
CHASNUPP-4,PWR,Operational,KUNDIAN,313,340,2017-06-25,PK
KANUPP-1,PHWR,Permanent Shutdown,Karachi,90,100,1971-10-18,PK
KANUPP-2,PWR,Operational,Karachi,1017,1100,2021-03-18,PK
KANUPP-3,PWR,Operational,Karachi,1017,1100,2022-03-04,PK
CERNAVODA-1,PHWR,Operational,CERNAVODA,650,706,1996-07-11,RO
CERNAVODA-2,PHWR,Operational,CERNAVODA,650,705,2007-08-07,RO
APS-1 OBNINSK,LWGR,Permanent Shutdown,OBNINSK,5,6,1954-06-27,RU
BALAKOVO-1,PWR,Operational,BALAKOVO,950,1000,1985-12-28,RU
BALAKOVO-2,PWR,Operational,BALAKOVO,950,1000,1987-10-08,RU
BALAKOVO-3,PWR,Operational,BALAKOVO,950,1000,1988-12-25,RU
BALAKOVO-4,PWR,Operational,BALAKOVO,950,1000,1993-04-11,RU
BELOYARSK-4,FBR,Operational,ZARECHNYY,820,885,2015-12-10,RU
BELOYARSK-3,FBR,Operational,ZARECHNYY,560,600,1980-04-08,RU
BELOYARSK-1,LWGR,Permanent Shutdown,ZARECHNYY,102,108,1964-04-26,RU
BELOYARSK-2,LWGR,Permanent Shutdown,ZARECHNYY,146,160,1967-12-29,RU
BILIBINO-1,LWGR,Permanent Shutdown,Bilibino,11,12,1974-01-12,RU
BILIBINO-2,LWGR,Operational,Bilibino,11,12,1974-12-30,RU
BILIBINO-3,LWGR,Operational,Bilibino,11,12,1975-12-22,RU
BILIBINO-4,LWGR,Operational,Bilibino,11,12,1976-12-27,RU
KALININ-1,PWR,Operational,UDOMLYA,950,1000,1984-05-09,RU
KALININ-2,PWR,Operational,UDOMLYA,950,1000,1986-12-03,RU
KALININ-3,PWR,Operational,UDOMLYA,950,1000,2004-12-16,RU
KALININ-4,PWR,Operational,UDOMLYA,950,1000,2011-11-24,RU
KOLA-1,PWR,Operational,POLYARNYYE ZORI,411,440,1973-06-29,RU
KOLA-2,PWR,Operational,POLYARNYYE ZORI,411,440,1974-12-09,RU
KOLA-3,PWR,Operational,POLYARNYYE ZORI,411,440,1981-03-24,RU
KOLA-4,PWR,Operational,POLYARNYYE ZORI,411,440,1984-10-11,RU
KURSK 2-1,PWR,Under Construction,KURCHATOV,1200,1255,,RU
KURSK-1,LWGR,Permanent Shutdown,KURCHATOV,925,1000,1976-12-19,RU
KURSK 2-2,PWR,Under Construction,KURCHATOV,1200,1255,,RU
KURSK-2,LWGR,Permanent Shutdown,KURCHATOV,925,1000,1979-01-28,RU
KURSK-3,LWGR,Operational,KURCHATOV,925,1000,1983-10-17,RU
KURSK-4,LWGR,Operational,KURCHATOV,925,1000,1985-12-02,RU
LENINGRAD-1,LWGR,Permanent Shutdown,SOSNOVYY BOR,925,1000,1973-12-21,RU
LENINGRAD-2,LWGR,Permanent Shutdown,SOSNOVYY BOR,925,1000,1975-07-11,RU
LENINGRAD 2-1,PWR,Operational,SOSNOVYY BOR,1101,1188,2018-03-09,RU
LENINGRAD 2-2,PWR,Operational,SOSNOVYY BOR,1101,1188,2020-10-22,RU
LENINGRAD 2-3,PWR,Under Construction,SOSNOVYY BOR,1150,1199,,RU
LENINGRAD-3,LWGR,Operational,SOSNOVYY BOR,925,1000,1979-12-07,RU
LENINGRAD-4,LWGR,Operational,SOSNOVYY BOR,925,1000,1981-02-09,RU
NOVOVORONEZH-4,PWR,Operational,NOVOVORONEZH,385,417,1972-12-28,RU
NOVOVORONEZH-5,PWR,Operational,NOVOVORONEZH,950,1000,1980-05-31,RU
NOVOVORONEZH-1,PWR,Permanent Shutdown,NOVOVORONEZH,197,210,1964-09-30,RU
NOVOVORONEZH-2,PWR,Permanent Shutdown,NOVOVORONEZH,336,365,1969-12-27,RU
NOVOVORONEZH-3,PWR,Permanent Shutdown,NOVOVORONEZH,385,417,1971-12-27,RU
NOVOVORONEZH 2-1,PWR,Operational,NOVOVORONEZH,1100,1180,2016-08-05,RU
NOVOVORONEZH 2-2,PWR,Operational,NOVOVORONEZH,1101,1181,2019-05-01,RU
AKADEMIK LOMONOSOV-1,PWR,Operational,PEVEK,32,35,2019-12-19,RU
AKADEMIK LOMONOSOV-2,PWR,Operational,PEVEK,32,35,2019-12-19,RU
BREST-OD-300,FBR,Under Construction,SEVERSK,300,320,,RU
SMOLENSK-1,LWGR,Operational,DESNOGORSK,925,1000,1982-12-09,RU
SMOLENSK-2,LWGR,Operational,DESNOGORSK,925,1000,1985-05-31,RU
SMOLENSK-3,LWGR,Operational,DESNOGORSK,925,1000,1990-01-17,RU
ROSTOV-1,PWR,Operational,VOLGODONSK,989,1041,2001-03-30,RU
ROSTOV-2,PWR,Operational,VOLGODONSK,950,1000,2010-03-18,RU
ROSTOV-3,PWR,Operational,VOLGODONSK,950,1000,2014-12-27,RU
ROSTOV-4,PWR,Operational,VOLGODONSK,979,1030,2018-02-02,RU
BOHUNICE A1,HWGCR,Permanent Shutdown,Jaslovské Bohunice,93,143,1972-12-25,SK
BOHUNICE-1,PWR,Permanent Shutdown,Jaslovske Bohunice,408,440,1978-12-17,SK
BOHUNICE-2,PWR,Permanent Shutdown,Jaslovske Bohunice,408,440,1980-03-26,SK
BOHUNICE-3,PWR,Operational,Jaslovske Bohunice,466,500,1984-08-20,SK
BOHUNICE-4,PWR,Operational,Jaslovske Bohunice,466,500,1985-08-09,SK
MOCHOVCE-1,PWR,Operational,LEVICE,467,500,1998-07-04,SK
MOCHOVCE-2,PWR,Operational,LEVICE,469,500,1999-12-20,SK
MOCHOVCE-3,PWR,Operational,LEVICE,440,471,2023-01-31,SK
MOCHOVCE-4,PWR,Under Construction,LEVICE,440,471,,SK
KRSKO,PWR,Operational,KRSKO,688,727,1981-10-02,SI
KOEBERG-1,PWR,Operational,DUYNEFONTEIN,924,964,1984-04-04,ZA
KOEBERG-2,PWR,Operational,DUYNEFONTEIN,930,970,1985-07-25,ZA
ALMARAZ-1,PWR,Operational,ALMARAZ,1011,1049,1981-05-01,ES
ALMARAZ-2,PWR,Operational,ALMARAZ,1006,1044,1983-10-08,ES
ASCO-1,PWR,Operational,ASCO,995,1033,1983-08-13,ES
ASCO-2,PWR,Operational,ASCO,997,1027,1985-10-23,ES
COFRENTES,BWR,Operational,COFRENTES,1064,1102,1984-10-14,ES
JOSE CABRERA-1,PWR,Permanent Shutdown,ALMONACID DE ZORITA,141,150,1968-07-14,ES
SANTA MARIA DE GARONA,BWR,Permanent Shutdown,SANTA MARIA DE GARONA,446,466,1971-03-02,ES
TRILLO-1,PWR,Operational,TRILLO,1003,1066,1988-05-23,ES
VANDELLOS-2,PWR,Operational,VANDELLOS,1047,1087,1987-12-12,ES
VANDELLOS-1,GCR,Permanent Shutdown,VANDELLOS,480,500,1972-05-06,ES
AGESTA,PHWR,Permanent Shutdown,AGESTA,10,12,1964-05-01,SE
BARSEBACK-1,BWR,Permanent Shutdown,BARSEBACK,600,615,1975-05-15,SE
BARSEBACK-2,BWR,Permanent Shutdown,BARSEBACK,600,615,1977-03-21,SE
FORSMARK-2,BWR,Operational,OESTHAMMAR,1121,1160,1981-01-26,SE
FORSMARK-3,BWR,Operational,OESTHAMMAR,1172,1208,1985-03-05,SE
FORSMARK-1,BWR,Operational,OESTHAMMAR,1104,1143,1980-06-06,SE
OSKARSHAMN-3,BWR,Operational,OSKARSHAMN,1400,1450,1985-03-03,SE
OSKARSHAMN-1,BWR,Permanent Shutdown,OSKARSHAMN,473,492,1971-08-19,SE
OSKARSHAMN-2,BWR,Permanent Shutdown,OSKARSHAMN,638,661,1974-10-02,SE
RINGHALS-4,PWR,Operational,RINGHALS,1130,1178,1982-06-23,SE
RINGHALS-1,BWR,Permanent Shutdown,RINGHALS,881,910,1974-10-14,SE
RINGHALS-2,PWR,Permanent Shutdown,RINGHALS,852,963,1974-08-17,SE
RINGHALS-3,PWR,Operational,RINGHALS,1081,1128,1980-09-07,SE
BEZNAU-1,PWR,Operational,BEZNAU,365,380,1969-07-17,CH
BEZNAU-2,PWR,Operational,BEZNAU,365,380,1971-10-23,CH
GOESGEN,PWR,Operational,DAENIKEN,1010,1060,1979-02-02,CH
LEIBSTADT,BWR,Operational,LEIBSTADT,1233,1275,1984-05-24,CH
LUCENS,HWGCR,Permanent Shutdown,1522 Lucens,6,7,1968-01-29,CH
MUEHLEBERG,BWR,Permanent Shutdown,MUEHLEBERG,373,390,1971-07-01,CH
AKKUYU-1,PWR,Under Construction,MERSIN,1114,1200,NA,TR
AKKUYU-2,PWR,Under Construction,MERSIN,1114,1200,NA,TR
AKKUYU-3,PWR,Under Construction,MERSIN,1114,1200,NA,TR
AKKUYU-4,PWR,Under Construction,MERSIN,1114,1200,NA,TR
CHERNOBYL-1,LWGR,Permanent Shutdown,PRIPYAT,740,800,1977-09-26,UA
CHERNOBYL-2,LWGR,Permanent Shutdown,PRIPYAT,925,1000,1978-12-21,UA
CHERNOBYL-3,LWGR,Permanent Shutdown,PRIPYAT,925,1000,1981-12-03,UA
CHERNOBYL-4,LWGR,Permanent Shutdown,PRIPYAT,925,1000,1983-12-22,UA
KHMELNITSKI-1,PWR,Operational,NETESHIN,950,1000,1987-12-31,UA
KHMELNITSKI-2,PWR,Operational,NETESHIN,950,1000,2004-08-07,UA
KHMELNITSKI-3,PWR,Under Construction,NETESHIN,1035,1089,,UA
KHMELNITSKI-4,PWR,Under Construction,NETESHIN,1035,1089,,UA
RIVNE-1,PWR,Operational,VARASH,381,420,1980-12-22,UA
RIVNE-2,PWR,Operational,VARASH,376,415,1981-12-22,UA
RIVNE-3,PWR,Operational,VARASH,950,1000,1986-12-21,UA
RIVNE-4,PWR,Operational,VARASH,950,1000,2004-10-10,UA
SOUTH UKRAINE-1,PWR,Operational,NIKOLAYEV OBLAST,950,1000,1982-12-31,UA
SOUTH UKRAINE-2,PWR,Operational,NIKOLAYEV OBLAST,950,1000,1985-01-06,UA
SOUTH UKRAINE-3,PWR,Operational,NIKOLAYEV OBLAST,950,1000,1989-09-20,UA
ZAPOROZHYE-5,PWR,Operational,ENERGODAR,950,1000,1989-08-14,UA
ZAPOROZHYE-6,PWR,Operational,ENERGODAR,950,1000,1995-10-19,UA
ZAPOROZHYE-1,PWR,Operational,ENERGODAR,950,1000,1984-12-10,UA
ZAPOROZHYE-2,PWR,Operational,ENERGODAR,950,1000,1985-07-22,UA
ZAPOROZHYE-3,PWR,Operational,ENERGODAR,950,1000,1986-12-10,UA
ZAPOROZHYE-4,PWR,Operational,ENERGODAR,950,1000,1987-12-18,UA
BARAKAH-1,PWR,Operational,Ruwais,1337,1417,2020-08-19,AE
BARAKAH-2,PWR,Operational,Ruwais,1337,1417,2021-09-14,AE
BARAKAH-3,PWR,Operational,Ruwais,1337,1417,2022-10-08,AE
BARAKAH-4,PWR,Operational,Ruwais,1310,1417,2024-03-23,AE
BERKELEY-1,GCR,Permanent Shutdown,RIVER SEVERN,138,166,1962-06-12,GB
BERKELEY-2,GCR,Permanent Shutdown,RIVER SEVERN,138,166,1962-06-24,GB
BRADWELL-1,GCR,Permanent Shutdown,BLACKWATER ESTUARY,123,146,1962-07-01,GB
BRADWELL-2,GCR,Permanent Shutdown,BLACKWATER ESTUARY,123,146,1962-07-06,GB
CALDER HALL-1,GCR,Permanent Shutdown,SEASCALE,49,60,1956-08-27,GB
CALDER HALL-2,GCR,Permanent Shutdown,SEASCALE,49,60,1957-02-01,GB
CALDER HALL-3,GCR,Permanent Shutdown,SEASCALE,49,60,1958-03-01,GB
CALDER HALL-4,GCR,Permanent Shutdown,SEASCALE,49,60,1959-04-01,GB
CHAPELCROSS-1,GCR,Permanent Shutdown,ANNAN,48,60,1959-02-01,GB
CHAPELCROSS-2,GCR,Permanent Shutdown,ANNAN,48,60,1959-07-01,GB
CHAPELCROSS-3,GCR,Permanent Shutdown,ANNAN,48,60,1959-11-01,GB
CHAPELCROSS-4,GCR,Permanent Shutdown,ANNAN,48,60,1960-01-01,GB
DOUNREAY DFR,FBR,Permanent Shutdown,DOUNREAY CAITHNESS,11,15,1962-10-01,GB
DUNGENESS A-1,GCR,Permanent Shutdown,ROMNEY MARSH,225,230,1965-09-21,GB
DUNGENESS A-2,GCR,Permanent Shutdown,ROMNEY MARSH,225,230,1965-11-01,GB
DUNGENESS B-1,GCR,Permanent Shutdown,Romney Marsh,545,615,1983-04-03,GB
DUNGENESS B-2,GCR,Permanent Shutdown,Romney Marsh,545,615,1985-12-29,GB
HARTLEPOOL A-1,GCR,Operational,HARTLEPOOL,590,655,1983-08-01,GB
HARTLEPOOL A-2,GCR,Operational,HARTLEPOOL,595,655,1984-10-31,GB
HEYSHAM A-1,GCR,Operational,HEYSHAM,485,625,1983-07-09,GB
HEYSHAM A-2,GCR,Operational,HEYSHAM,575,625,1984-10-11,GB
HEYSHAM B-1,GCR,Operational,HEYSHAM,620,680,1988-07-12,GB
HEYSHAM B-2,GCR,Operational,HEYSHAM,620,680,1988-11-11,GB
HINKLEY POINT A-1,GCR,Permanent Shutdown,HINKLEY POINT,235,267,1965-02-16,GB
HINKLEY POINT A-2,GCR,Permanent Shutdown,HINKLEY POINT,235,267,1965-03-19,GB
HINKLEY POINT B-1,GCR,Permanent Shutdown,HINKLEY,485,655,1976-10-30,GB
HINKLEY POINT B-2,GCR,Permanent Shutdown,HINKLEY,480,655,1976-02-05,GB
HINKLEY POINT C-1,PWR,Under Construction,Bridgwater,1630,1720,,GB
HINKLEY POINT C-2,PWR,Under Construction,Bridgwater,1630,1720,,GB
HUNTERSTON A-1,GCR,Permanent Shutdown,HUNTERSTON,150,173,1964-02-05,GB
HUNTERSTON A-2,GCR,Permanent Shutdown,HUNTERSTON,150,173,1964-06-01,GB
HUNTERSTON B-1,GCR,Permanent Shutdown,HUNTERSTON,490,644,1976-02-06,GB
HUNTERSTON B-2,GCR,Permanent Shutdown,HUNTERSTON,495,644,1977-03-31,GB
OLDBURY A-1,GCR,Permanent Shutdown,OLDBURY ON SEVERN,217,230,1967-11-07,GB
OLDBURY A-2,GCR,Permanent Shutdown,OLDBURY ON SEVERN,217,230,1968-04-06,GB
DOUNREAY PFR,FBR,Permanent Shutdown,DOUNREAY,234,250,1975-01-10,GB
SIZEWELL A-1,GCR,Permanent Shutdown,SIZEWELL,210,245,1966-01-21,GB
SIZEWELL A-2,GCR,Permanent Shutdown,SIZEWELL,210,245,1966-04-09,GB
SIZEWELL B,PWR,Operational,Leiston,1198,1250,1995-02-14,GB
TORNESS-1,GCR,Operational,DUNBAR,595,682,1988-05-25,GB
TORNESS-2,GCR,Operational,DUNBAR,605,682,1989-02-03,GB
TRAWSFYNYDD-1,GCR,Permanent Shutdown,MERIONETHSHIRE,195,235,1965-01-14,GB
TRAWSFYNYDD-2,GCR,Permanent Shutdown,MERIONETHSHIRE,195,235,1965-02-02,GB
WINDSCALE AGR,GCR,Permanent Shutdown,WINDSCALE,24,36,1963-02-01,GB
WINFRITH SGHWR,SGHWR,Permanent Shutdown,DORCHESTER,92,100,1967-12-01,GB
WYLFA-1,GCR,Permanent Shutdown,ANGLESEY,490,530,1971-01-24,GB
WYLFA-2,GCR,Permanent Shutdown,ANGLESEY,490,540,1971-07-21,GB
ANO-1,PWR,Operational,POPE,836,903,1974-08-17,US
ANO-2,PWR,Operational,POPE,988,1065,1978-12-26,US
BEAVER VALLEY-1,PWR,Operational,SHIPPINGPORT,908,959,1976-06-14,US
BEAVER VALLEY-2,PWR,Operational,SHIPPINGPORT,905,958,1987-08-17,US
BIG ROCK POINT,BWR,Permanent Shutdown,CHARLEVOIX,67,71,1962-12-08,US
BONUS,BWR,Permanent Shutdown,Rincon,17,18,1964-08-14,US
BRAIDWOOD-1,PWR,Operational,BRAIDWOOD,1194,1270,1987-07-12,US
BRAIDWOOD-2,PWR,Operational,BRAIDWOOD,1160,1230,1988-05-25,US
BROWNS FERRY-1,BWR,Operational,DECATUR,1200,1256,1973-10-15,US
BROWNS FERRY-2,BWR,Operational,DECATUR,1200,1259,1974-08-28,US
BROWNS FERRY-3,BWR,Operational,DECATUR,1210,1260,1976-09-12,US
BRUNSWICK-2,BWR,Operational,SOUTHPORT,932,960,1975-04-29,US
BRUNSWICK-1,BWR,Operational,SOUTHPORT,938,990,1976-12-04,US
BYRON-1,PWR,Operational,BYRON,1164,1242,1985-03-01,US
BYRON-2,PWR,Operational,BYRON,1136,1210,1987-02-06,US
CALLAWAY-1,PWR,Operational,FULTON,1215,1275,1984-10-24,US
CALVERT CLIFFS-1,PWR,Operational,LUSBY,877,918,1975-01-03,US
CALVERT CLIFFS-2,PWR,Operational,LUSBY,855,911,1976-12-07,US
CATAWBA-1,PWR,Operational,YORK COUNTY,1160,1188,1985-01-22,US
CATAWBA-2,PWR,Operational,YORK COUNTY,1150,1188,1986-05-18,US
CLINTON-1,BWR,Operational,HART TOWNSHIP,1062,1098,1987-04-24,US
COLUMBIA,BWR,Operational,BENTON,1131,1190,1984-05-27,US
COMANCHE PEAK-1,PWR,Operational,GLEN ROSE,1205,1259,1990-04-24,US
COMANCHE PEAK-2,PWR,Operational,GLEN ROSE,1195,1250,1993-04-09,US
COOPER,BWR,Operational,BROWNVILLE,769,801,1974-05-10,US
CRYSTAL RIVER-3,PWR,Permanent Shutdown,,860,890,1977-01-30,US
CVTR,PHWR,Permanent Shutdown,Parr,17,19,1963-12-18,US
DAVIS BESSE-1,PWR,Operational,OTTAWA,894,925,1977-08-28,US
DIABLO CANYON-1,PWR,Operational,AVILA BEACH,1138,1197,1984-11-11,US
DIABLO CANYON-2,PWR,Operational,AVILA BEACH,1118,1197,1985-10-20,US
COOK-1,PWR,Operational,BRIDGMAN,1030,1131,1975-02-10,US
COOK-2,PWR,Operational,BRIDGMAN,1168,1231,1978-03-22,US
DRESDEN-1,BWR,Permanent Shutdown,MORRIS,197,207,1960-04-15,US
DRESDEN-2,BWR,Operational,MORRIS,894,950,1970-04-13,US
DRESDEN-3,BWR,Operational,MORRIS,879,935,1971-07-22,US
DUANE ARNOLD-1,BWR,Permanent Shutdown,PALO,601,624,1974-05-19,US
ELK RIVER,BWR,Permanent Shutdown,,22,24,1963-08-24,US
FERMI-1,FBR,Permanent Shutdown,LAGOONA BEACH,61,65,1966-08-05,US
FERMI-2,BWR,Operational,LAGOONA BEACH,1115,1198,1986-09-21,US
FARLEY-1,PWR,Operational,DOTHAN,874,918,1977-08-18,US
FARLEY-2,PWR,Operational,DOTHAN,883,928,1981-05-25,US
FITZPATRICK,BWR,Operational,OSWEGO,813,849,1975-02-01,US
FORT CALHOUN-1,PWR,Permanent Shutdown,FORT CALHOUN,482,512,1973-08-25,US
FORT ST. VRAIN,HTGR,Permanent Shutdown,PLATTEVILLE,330,342,1976-12-11,US
GRAND GULF-1,BWR,Operational,PORT GIBSON,1401,1500,1984-10-20,US
ROBINSON-2,PWR,Operational,HARTSVILLE,741,780,1970-09-26,US
HADDAM NECK,PWR,Permanent Shutdown,HADDAM NECK,560,603,1967-08-07,US
HATCH-1,BWR,Operational,BAXLEY,876,911,1974-11-11,US
HATCH-2,BWR,Operational,BAXLEY,883,921,1978-09-22,US
HOPE CREEK-1,BWR,Operational,SALEM,1172,1240,1986-08-01,US
HUMBOLDT BAY,BWR,Permanent Shutdown,EUREKA,63,65,1963-04-18,US
INDIAN POINT-1,PWR,Permanent Shutdown,BUCHANAN,257,277,1962-09-16,US
INDIAN POINT-2,PWR,Permanent Shutdown,BUCHANAN,998,1067,1973-06-26,US
INDIAN POINT-3,PWR,Permanent Shutdown,BUCHANAN,1030,1085,1976-04-25,US
KEWAUNEE,PWR,Permanent Shutdown,CARLTON,566,595,1974-04-08,US
LACROSSE,BWR,Permanent Shutdown,GENOA,48,55,1968-04-26,US
LASALLE-1,BWR,Operational,MARSEILLES,1137,1207,1982-09-04,US
LASALLE-2,BWR,Operational,MARSEILLES,1140,1207,1984-04-20,US
LIMERICK-1,BWR,Operational,LIMERICK,1134,1194,1985-04-13,US
LIMERICK-2,BWR,Operational,LIMERICK,1134,1194,1989-09-01,US
MAINE YANKEE,PWR,Permanent Shutdown,WISCASSET,860,900,1972-11-08,US
MCGUIRE-1,PWR,Operational,CORNELIUS,1158,1215,1981-09-12,US
MCGUIRE-2,PWR,Operational,CORNELIUS,1158,1215,1983-05-23,US
MILLSTONE-1,BWR,Permanent Shutdown,WATERFORD,641,684,1970-11-29,US
MILLSTONE-2,PWR,Operational,WATERFORD,869,918,1975-11-09,US
MILLSTONE-3,PWR,Operational,WATERFORD,1210,1280,1986-02-12,US
MONTICELLO,BWR,Operational,MONTICELLO,628,691,1971-03-05,US
HALLAM,X,Permanent Shutdown,Lincoln,75,84,1963-09-01,US
NINE MILE POINT-1,BWR,Operational,SCRIBA,613,642,1969-11-09,US
NINE MILE POINT-2,BWR,Operational,SCRIBA,1277,1320,1987-08-08,US
NORTH ANNA-1,PWR,Operational,MINERAL,948,990,1978-04-17,US
NORTH ANNA-2,PWR,Operational,MINERAL,944,1011,1980-08-25,US
OCONEE-1,PWR,Operational,OCONEE,847,891,1973-05-06,US
OCONEE-2,PWR,Operational,OCONEE,848,891,1973-12-05,US
OCONEE-3,PWR,Operational,OCONEE,859,900,1974-09-18,US
OYSTER CREEK,BWR,Permanent Shutdown,FORKED RIVER,619,652,1969-09-23,US
PALISADES,PWR,Permanent Shutdown,SOUTH HAVEN,805,850,1971-12-29,US
PALO VERDE-1,PWR,Operational,WINTERSBURG,1311,1414,1985-06-10,US
PALO VERDE-2,PWR,Operational,WINTERSBURG,1314,1414,1986-05-20,US
PALO VERDE-3,PWR,Operational,WINTERSBURG,1312,1414,1987-11-28,US
PATHFINDER,BWR,Permanent Shutdown,,59,63,1966-07-25,US
PEACH BOTTOM-1,HTGR,Permanent Shutdown,YORK COUNTY,40,42,1967-01-27,US
PEACH BOTTOM-2,BWR,Operational,YORK COUNTY,1300,1412,1974-02-18,US
PEACH BOTTOM-3,BWR,Operational,YORK COUNTY,1331,1412,1974-09-01,US
PERRY-1,BWR,Operational,PERRY,1240,1303,1986-12-19,US
PILGRIM-1,BWR,Permanent Shutdown,PLYMOUTH,677,711,1972-07-19,US
PIQUA,X,Permanent Shutdown,Piqua,12,12,1963-07-01,US
POINT BEACH-1,PWR,Operational,TWO CREEKS,591,640,1970-11-06,US
POINT BEACH-2,PWR,Operational,TWO CREEKS,591,640,1972-08-02,US
PRAIRIE ISLAND-1,PWR,Operational,RED WING,522,566,1973-12-04,US
PRAIRIE ISLAND-2,PWR,Operational,RED WING,519,560,1974-12-21,US
QUAD CITIES-1,BWR,Operational,CORDOVA,908,940,1972-04-12,US
QUAD CITIES-2,BWR,Operational,CORDOVA,911,940,1972-05-23,US
GINNA,PWR,Operational,ONTARIO,560,608,1969-12-02,US
RANCHO SECO-1,PWR,Permanent Shutdown,SACRAMENTO,873,917,1974-10-13,US
RIVER BEND-1,BWR,Operational,ST.FRANCISVILLE,967,1016,1985-12-03,US
SALEM-1,PWR,Operational,SALEM,1169,1254,1976-12-25,US
SALEM-2,PWR,Operational,SALEM,1158,1200,1981-06-03,US
SAN ONOFRE-1,PWR,Permanent Shutdown,SAN CLEMENTE,436,456,1967-07-16,US
SAN ONOFRE-2,PWR,Permanent Shutdown,SAN CLEMENTE,1070,1127,1982-09-20,US
SAN ONOFRE-3,PWR,Permanent Shutdown,SAN CLEMENTE,1080,1127,1983-09-25,US
SAXTON,PWR,Permanent Shutdown,,3,3,1967-03-01,US
SEABROOK-1,PWR,Operational,SEABROOK,1246,1296,1990-05-29,US
SEQUOYAH-1,PWR,Operational,DAISY,1152,1221,1980-07-22,US
SEQUOYAH-2,PWR,Operational,DAISY,1139,1200,1981-12-23,US
HARRIS-1,PWR,Operational,NEW HILL,964,980,1987-01-19,US
SHIPPINGPORT,PWR,Permanent Shutdown,,60,68,1957-12-02,US
SHOREHAM,BWR,Permanent Shutdown,SHOREHAM,820,849,1986-08-01,US
SOUTH TEXAS-1,PWR,Operational,BAY CITY,1280,1354,1988-03-30,US
SOUTH TEXAS-2,PWR,Operational,BAY CITY,1280,1354,1989-04-11,US
ST. LUCIE-1,PWR,Operational,FORT PIERCE,981,1045,1976-05-07,US
ST. LUCIE-2,PWR,Operational,FORT PIERCE,987,1050,1983-06-13,US
SURRY-1,PWR,Operational,GRAVEL NECK,838,890,1972-07-04,US
SURRY-2,PWR,Operational,GRAVEL NECK,838,890,1973-03-10,US
SUSQUEHANNA-1,BWR,Operational,SALEM,1257,1330,1982-11-16,US
SUSQUEHANNA-2,BWR,Operational,SALEM,1257,1330,1984-07-03,US
THREE MILE ISLAND-1,PWR,Permanent Shutdown,DAUPHIN,819,880,1974-06-19,US
THREE MILE ISLAND-2,PWR,Permanent Shutdown,DAUPHIN,880,959,1978-04-21,US
TROJAN,PWR,Permanent Shutdown,PRESCOTT,1095,1155,1975-12-23,US
TURKEY POINT-3,PWR,Operational,FLORIDA CITY,837,829,1972-11-02,US
TURKEY POINT-4,PWR,Operational,FLORIDA CITY,821,829,1973-06-21,US
GE VALLECITOS,BWR,Permanent Shutdown,"Pleasanton, Sunol",24,24,1957-10-19,US
VERMONT YANKEE,BWR,Permanent Shutdown,VERNON,605,635,1972-09-20,US
SUMMER-1,PWR,Operational,JENKINSVILLE,973,1006,1982-11-16,US
VOGTLE-1,PWR,Operational,WAYNESBORO,1150,1229,1987-03-27,US
VOGTLE-2,PWR,Operational,WAYNESBORO,1152,1229,1989-04-10,US
VOGTLE-3,PWR,Operational,WAYNESBORO,1117,1250,2023-03-31,US
VOGTLE-4,PWR,Operational,WAYNESBORO,1117,1250,2024-03-06,US
WATERFORD-3,PWR,Operational,TAFT,1168,1250,1985-03-18,US
WATTS BAR-1,PWR,Operational,SPRING CITY,1157,1210,1996-02-06,US
WATTS BAR-2,PWR,Operational,SPRING CITY,1164,1218,2016-06-03,US
WOLF CREEK,PWR,Operational,BURLINGTON,1200,1285,1985-06-12,US
YANKEE NPS,PWR,Permanent Shutdown,ROWE,167,180,1960-11-10,US
ZION-1,PWR,Permanent Shutdown,ZION,1040,1085,1973-06-28,US
ZION-2,PWR,Permanent Shutdown,ZION,1040,1085,1973-12-26,US
