Cap,Name,Type,Status,Location,Ref,Connect,DateOn,Country
636,CHINSHAN-1,BWR,Permanent Shutdown,SHIHMEN HSIANG,604,1977-11-16,1977-11-16,TW
636,CHINSHAN-2,BWR,Permanent Shutdown,SHIHMEN HSIANG,604,1978-12-19,1978-12-19,TW
985,KUOSHENG-1,BWR,Permanent Shutdown,KUOSHENG,985,1981-05-21,1981-05-21,TW
985,KUOSHENG-2,BWR,Operational,KUOSHENG,985,1982-06-29,1982-06-29,TW
951,MAANSHAN-1,PWR,Operational,HENG CHUN,936,1984-05-09,1984-05-09,TW
951,MAANSHAN-2,PWR,Operational,HENG CHUN,938,1985-02-25,1985-02-25,TW
362,ATUCHA-1,PHWR,Operational,LIMA,340,1974-03-19,1974-03-19,AR
745,ATUCHA-2,PHWR,Operational,LIMA,693,2014-06-25,2014-06-25,AR
29,CAREM25,PWR,Under Construction,LIMA,25,,NA,AR
656,EMBALSE,PHWR,Operational,EMBALSE,608,1983-04-25,1983-04-25,AR
408,ARMENIAN-1,PWR,Permanent Shutdown,METSAMOR,376,1976-12-22,1976-12-22,AM
451,ARMENIAN-2,PWR,Operational,METSAMOR,448,1980-01-05,1980-01-05,AM
1194,BELARUSIAN-1,PWR,Operational,Ostrovets,1110,2020-11-03,2020-11-03,BY
1194,BELARUSIAN-2,PWR,Under Construction,Ostrovets,1110,,NA,BY
12,BR-3,PWR,Permanent Shutdown,MOL,10,1962-10-10,1962-10-10,BE
454,DOEL-1,PWR,Operational,DOEL-BEVEREN,445,1974-08-28,1974-08-28,BE
454,DOEL-2,PWR,Operational,DOEL-BEVEREN,445,1975-08-21,1975-08-21,BE
1056,DOEL-3,PWR,Operational,DOEL-BEVEREN,1006,1982-06-23,1982-06-23,BE
1090,DOEL-4,PWR,Operational,DOEL-BEVEREN,1038,1985-04-08,1985-04-08,BE
1009,TIHANGE-1,PWR,Operational,TIHANGE,962,1975-03-07,1975-03-07,BE
1055,TIHANGE-2,PWR,Operational,TIHANGE,1008,1982-10-13,1982-10-13,BE
1089,TIHANGE-3,PWR,Operational,TIHANGE,1038,1985-06-15,1985-06-15,BE
640,ANGRA-1,PWR,Operational,ANGRA DOS-REIS,609,1982-04-01,1982-04-01,BR
1350,ANGRA-2,PWR,Operational,ANGRA DOS-REIS,1275,2000-07-21,2000-07-21,BR
1405,ANGRA-3,PWR,Under Construction,ANGRA DOS-REIS,1340,,NA,BR
440,KOZLODUY-1,PWR,Permanent Shutdown,VRATZA,408,1974-07-24,1974-07-24,BG
440,KOZLODUY-2,PWR,Permanent Shutdown,VRATZA,408,1975-08-24,1975-08-24,BG
440,KOZLODUY-3,PWR,Permanent Shutdown,VRATZA,408,1980-12-17,1980-12-17,BG
440,KOZLODUY-4,PWR,Permanent Shutdown,VRATZA,408,1982-05-17,1982-05-17,BG
1040,KOZLODUY-5,PWR,Operational,VRATZA,1003,1987-11-29,1987-11-29,BG
1040,KOZLODUY-6,PWR,Operational,VRATZA,1003,1991-08-02,1991-08-02,BG
865,BRUCE-3,PHWR,Operational,TIVERTON,770,1977-12-12,1977-12-12,CA
868,BRUCE-4,PHWR,Operational,TIVERTON,769,1978-12-21,1978-12-21,CA
868,BRUCE-1,PHWR,Operational,TIVERTON,774,1977-01-14,1977-01-14,CA
836,BRUCE-2,PHWR,Operational,TIVERTON,777,1976-09-04,1976-09-04,CA
872,BRUCE-5,PHWR,Operational,TIVERTON,817,1984-12-01,1984-12-01,CA
891,BRUCE-6,PHWR,Operational,TIVERTON,817,1984-06-26,1984-06-26,CA
872,BRUCE-7,PHWR,Operational,TIVERTON,817,1986-02-22,1986-02-22,CA
872,BRUCE-8,PHWR,Operational,TIVERTON,817,1987-03-07,1987-03-07,CA
934,DARLINGTON-1,PHWR,Operational,TOWN OF NEWCASTLE,878,1990-12-19,1990-12-19,CA
934,DARLINGTON-2,PHWR,Operational,TOWN OF NEWCASTLE,878,1990-01-15,1990-01-15,CA
934,DARLINGTON-3,PHWR,Operational,TOWN OF NEWCASTLE,878,1992-12-07,1992-12-07,CA
934,DARLINGTON-4,PHWR,Operational,TOWN OF NEWCASTLE,878,1993-04-17,1993-04-17,CA
218,DOUGLAS POINT,PHWR,Permanent Shutdown,TIVERTON,206,1967-01-07,1967-01-07,CA
675,GENTILLY-2,PHWR,Permanent Shutdown,BECANCOUR,635,1982-12-04,1982-12-04,CA
266,GENTILLY-1,HWLWR,Permanent Shutdown,BECANCOUR,250,1971-04-05,1971-04-05,CA
25,ROLPHTON NPD,PHWR,Permanent Shutdown,ROLPHTON,22,1962-06-04,1962-06-04,CA
540,PICKERING-5,PHWR,Operational,PICKERING,516,1982-12-19,1982-12-19,CA
540,PICKERING-6,PHWR,Operational,PICKERING,516,1983-11-08,1983-11-08,CA
540,PICKERING-7,PHWR,Operational,PICKERING,516,1984-11-17,1984-11-17,CA
540,PICKERING-8,PHWR,Operational,PICKERING,516,1986-01-21,1986-01-21,CA
542,PICKERING-1,PHWR,Operational,PICKERING,515,1971-04-04,1971-04-04,CA
542,PICKERING-2,PHWR,Permanent Shutdown,PICKERING,515,1971-10-06,1971-10-06,CA
542,PICKERING-3,PHWR,Permanent Shutdown,PICKERING,515,1972-05-03,1972-05-03,CA
542,PICKERING-4,PHWR,Operational,PICKERING,515,1973-05-21,1973-05-21,CA
705,POINT LEPREAU,PHWR,Operational,SAINT JOHN,660,1982-09-11,1982-09-11,CA
1210,SANAOCUN-1,PWR,Under Construction,Wenzhou,1117,,NA,CN
1210,SANAOCUN-2,PWR,Under Construction,Wenzhou,1117,,NA,CN
25,CEFR,FBR,Operational,Tuoli,20,2011-07-21,2011-07-21,CN
650,CHANGJIANG-1,PWR,Operational,Changjiang,601,2015-11-07,2015-11-07,CN
650,CHANGJIANG-2,PWR,Operational,Changjiang,601,2016-06-20,2016-06-20,CN
1197,CHANGJIANG-3,PWR,Under Construction,Changjiang,1000,,NA,CN
1200,CHANGJIANG-4,PWR,Under Construction,Changjiang,1000,,NA,CN
125,LINGLONG-1,PWR,Under Construction,Changjiang,100,,NA,CN
682,XIAPU-1,FBR,Under Construction,Xiapu,642,,NA,CN
1086,FANGCHENGGANG-1,PWR,Operational,Fangchenggang,1000,2015-10-25,2015-10-25,CN
1086,FANGCHENGGANG-2,PWR,Operational,Fangchenggang,1000,2016-07-15,2016-07-15,CN
1180,FANGCHENGGANG-3,PWR,Under Construction,Fangchenggang,1000,,NA,CN
1180,FANGCHENGGANG-4,PWR,Under Construction,Fangchenggang,1000,,NA,CN
1089,FUQING-1,PWR,Operational,Fuqing,1000,2014-08-20,2014-08-20,CN
1089,FUQING-2,PWR,Operational,Fuqing,1000,2015-08-06,2015-08-06,CN
1089,FUQING-3,PWR,Operational,Fuqing,1000,2016-09-07,2016-09-07,CN
1089,FUQING-4,PWR,Operational,Fuqing,1000,2017-07-29,2017-07-29,CN
1150,FUQING-5,PWR,Operational,Fuqing,1075,2020-11-27,2020-11-27,CN
1150,FUQING-6,PWR,Operational,Fuqing,1075,2022-01-01,2022-01-01,CN
984,DAYA BAY-1,PWR,Operational,SHENZHEN CITY,944,1993-08-31,1993-08-31,CN
984,DAYA BAY-2,PWR,Operational,SHENZHEN CITY,944,1994-02-07,1994-02-07,CN
1250,HAIYANG-1,PWR,Operational,Haiyang,1170,2018-08-17,2018-08-17,CN
1250,HAIYANG-2,PWR,Operational,Haiyang,1170,2018-10-13,2018-10-13,CN
1119,HONGYANHE-1,PWR,Operational,DALIAN,1061,2013-02-17,2013-02-17,CN
1119,HONGYANHE-2,PWR,Operational,DALIAN,1061,2013-11-23,2013-11-23,CN
1119,HONGYANHE-3,PWR,Operational,DALIAN,1061,2015-03-23,2015-03-23,CN
1119,HONGYANHE-4,PWR,Operational,DALIAN,1061,2016-04-01,2016-04-01,CN
1119,HONGYANHE-5,PWR,Operational,DALIAN,1061,2021-06-25,2021-06-25,CN
1119,HONGYANHE-6,PWR,Operational,DALIAN,1061,2022-05-02,2022-05-02,CN
990,LING AO-1,PWR,Operational,SHENZEN,950,2002-02-26,2002-02-26,CN
990,LING AO-2,PWR,Operational,SHENZEN,950,2002-09-14,2002-09-14,CN
1086,LING AO-3,PWR,Operational,SHENZEN,1007,2010-07-15,2010-07-15,CN
1086,LING AO-4,PWR,Operational,SHENZEN,1007,2011-05-03,2011-05-03,CN
1089,NINGDE-1,PWR,Operational,Ningde,1018,2012-12-28,2012-12-28,CN
1089,NINGDE-2,PWR,Operational,Ningde,1018,2014-01-04,2014-01-04,CN
1089,NINGDE-3,PWR,Operational,Ningde,1018,2015-03-21,2015-03-21,CN
1089,NINGDE-4,PWR,Operational,Ningde,1018,2016-03-29,2016-03-29,CN
330,QINSHAN-1,PWR,Operational,Jiaxing,308,1991-12-15,1991-12-15,CN
660,QINSHAN 2-3,PWR,Operational,Jiaxing,619,2010-08-01,2010-08-01,CN
660,QINSHAN 2-4,PWR,Operational,Jiaxing,619,2011-11-25,2011-11-25,CN
1089,FANGJIASHAN-1,PWR,Operational,Jiaxing,1012,2014-11-04,2014-11-04,CN
1089,FANGJIASHAN-2,PWR,Operational,Jiaxing,1012,2015-01-12,2015-01-12,CN
650,QINSHAN 2-1,PWR,Operational,Jiaxing,610,2002-02-06,2002-02-06,CN
650,QINSHAN 2-2,PWR,Operational,Jiaxing,610,2004-03-11,2004-03-11,CN
728,QINSHAN 3-1,PHWR,Operational,Jiaxing,677,2002-11-19,2002-11-19,CN
728,QINSHAN 3-2,PHWR,Operational,Jiaxing,677,2003-06-12,2003-06-12,CN
1251,SANMEN-1,PWR,Operational,Taizhou,1157,2018-06-30,2018-06-30,CN
1251,SANMEN-2,PWR,Operational,Taizhou,1157,2018-08-24,2018-08-24,CN
1251,SANMEN-3,PWR,Under Construction,Taizhou,1163,,NA,CN
211,SHIDAO BAY-1,HTGR,Operational,Weihai,200,2021-12-14,2021-12-14,CN
1200,TAIPINGLING-1,PWR,Under Construction,HUIZHOU,1116,,NA,CN
1202,TAIPINGLING-2,PWR,Under Construction,HUIZHOU,1116,,NA,CN
1750,TAISHAN-1,PWR,Operational,Taishan,1660,2018-06-29,2018-06-29,CN
1750,TAISHAN-2,PWR,Operational,Taishan,1660,2019-06-23,2019-06-23,CN
1060,TIANWAN-1,PWR,Operational,Lianyungang,1000,2006-05-12,2006-05-12,CN
1060,TIANWAN-2,PWR,Operational,Lianyungang,1000,2007-05-14,2007-05-14,CN
1126,TIANWAN-3,PWR,Operational,Lianyungang,1060,2017-12-30,2017-12-30,CN
1126,TIANWAN-4,PWR,Operational,Lianyungang,1060,2018-10-27,2018-10-27,CN
1118,TIANWAN-5,PWR,Operational,Lianyungang,1060,2020-08-08,2020-08-08,CN
1118,TIANWAN-6,PWR,Operational,Lianyungang,1060,2021-05-11,2021-05-11,CN
1265,TIANWAN-7,PWR,Under Construction,Lianyungang,1171,,NA,CN
1265,TIANWAN-8,PWR,Under Construction,Lianyungang,1171,,NA,CN
1274,XUDABU-3,PWR,Under Construction,Xingcheng,1200,,NA,CN
1274,XUDABU-4,PWR,Under Construction,Xingcheng,1200,,NA,CN
1086,YANGJIANG-1,PWR,Operational,Yangjiang,1000,2013-12-31,2013-12-31,CN
1086,YANGJIANG-2,PWR,Operational,Yangjiang,1000,2015-03-10,2015-03-10,CN
1086,YANGJIANG-3,PWR,Operational,Yangjiang,1000,2015-10-18,2015-10-18,CN
1086,YANGJIANG-4,PWR,Operational,Yangjiang,1000,2017-01-08,2017-01-08,CN
1086,YANGJIANG-5,PWR,Operational,Yangjiang,1000,2018-05-23,2018-05-23,CN
1086,YANGJIANG-6,PWR,Operational,Yangjiang,1000,2019-06-29,2019-06-29,CN
1212,ZHANGZHOU-1,PWR,Under Construction,ZHANGZHOU,1126,,NA,CN
1212,ZHANGZHOU-2,PWR,Under Construction,ZHANGZHOU,1126,,NA,CN
500,DUKOVANY-1,PWR,Operational,DUKOVANY,468,1985-02-24,1985-02-24,CZ
500,DUKOVANY-2,PWR,Operational,DUKOVANY,471,1986-01-30,1986-01-30,CZ
500,DUKOVANY-3,PWR,Operational,DUKOVANY,468,1986-11-14,1986-11-14,CZ
500,DUKOVANY-4,PWR,Operational,DUKOVANY,471,1987-06-11,1987-06-11,CZ
1082,TEMELIN-1,PWR,Operational,TEMELIN,1027,2000-12-21,2000-12-21,CZ
1082,TEMELIN-2,PWR,Operational,TEMELIN,1029,2002-12-29,2002-12-29,CZ
531,LOVIISA-1,PWR,Operational,LOVIISA,507,1977-02-08,1977-02-08,FI
531,LOVIISA-2,PWR,Operational,LOVIISA,507,1980-11-04,1980-11-04,FI
920,OLKILUOTO-1,BWR,Operational,OLKILUOTO,890,1978-09-02,1978-09-02,FI
920,OLKILUOTO-2,BWR,Operational,OLKILUOTO,890,1980-02-18,1980-02-18,FI
1720,OLKILUOTO-3,PWR,Operational,OLKILUOTO,1600,2022-03-12,2022-03-12,FI
1363,BELLEVILLE-1,PWR,Operational,LERE,1310,1987-10-14,1987-10-14,FR
1363,BELLEVILLE-2,PWR,Operational,LERE,1310,1988-07-06,1988-07-06,FR
951,BLAYAIS-1,PWR,Operational,BRAUD ST.LOUIS,910,1981-06-12,1981-06-12,FR
951,BLAYAIS-2,PWR,Operational,BRAUD ST.LOUIS,910,1982-07-17,1982-07-17,FR
951,BLAYAIS-3,PWR,Operational,BRAUD ST.LOUIS,910,1983-08-17,1983-08-17,FR
951,BLAYAIS-4,PWR,Operational,BRAUD ST.LOUIS,910,1983-05-16,1983-05-16,FR
945,BUGEY-2,PWR,Operational,ST.VULBAS,910,1978-05-10,1978-05-10,FR
945,BUGEY-3,PWR,Operational,ST.VULBAS,910,1978-09-21,1978-09-21,FR
917,BUGEY-4,PWR,Operational,ST.VULBAS,880,1979-03-08,1979-03-08,FR
917,BUGEY-5,PWR,Operational,ST.VULBAS,880,1979-07-31,1979-07-31,FR
555,BUGEY-1,GCR,Permanent Shutdown,ST.VULBAS,540,1972-04-15,1972-04-15,FR
1362,CATTENOM-1,PWR,Operational,CATTENOM,1300,1986-11-13,1986-11-13,FR
1362,CATTENOM-2,PWR,Operational,CATTENOM,1300,1987-09-17,1987-09-17,FR
1362,CATTENOM-3,PWR,Operational,CATTENOM,1300,1990-07-06,1990-07-06,FR
1362,CATTENOM-4,PWR,Operational,CATTENOM,1300,1991-05-27,1991-05-27,FR
80,CHINON A-1,GCR,Permanent Shutdown,AVOINE,70,1963-06-14,1963-06-14,FR
230,CHINON A-2,GCR,Permanent Shutdown,AVOINE,180,1965-02-24,1965-02-24,FR
480,CHINON A-3,GCR,Permanent Shutdown,AVOINE,360,1966-08-04,1966-08-04,FR
954,CHINON B-1,PWR,Operational,AVOINE,905,1982-11-30,1982-11-30,FR
954,CHINON B-2,PWR,Operational,AVOINE,905,1983-11-29,1983-11-29,FR
954,CHINON B-3,PWR,Operational,AVOINE,905,1986-10-20,1986-10-20,FR
954,CHINON B-4,PWR,Operational,AVOINE,905,1987-11-14,1987-11-14,FR
320,CHOOZ-A (ARDENNES),PWR,Permanent Shutdown,CHOOZ,305,1967-04-03,1967-04-03,FR
1560,CHOOZ B-1,PWR,Operational,CHOOZ,1500,1996-08-30,1996-08-30,FR
1560,CHOOZ B-2,PWR,Operational,CHOOZ,1500,1997-04-10,1997-04-10,FR
1561,CIVAUX-1,PWR,Operational,CIVAUX,1495,1997-12-24,1997-12-24,FR
1561,CIVAUX-2,PWR,Operational,CIVAUX,1495,1999-12-24,1999-12-24,FR
1242,SUPER-PHENIX,FBR,Permanent Shutdown,CREYS-MALVILLE,1200,1986-01-14,1986-01-14,FR
956,CRUAS-1,PWR,Operational,CRUAS,915,1983-04-29,1983-04-29,FR
956,CRUAS-2,PWR,Operational,CRUAS,915,1984-09-06,1984-09-06,FR
956,CRUAS-3,PWR,Operational,CRUAS,915,1984-05-14,1984-05-14,FR
956,CRUAS-4,PWR,Operational,CRUAS,915,1984-10-27,1984-10-27,FR
937,DAMPIERRE-1,PWR,Operational,DAMPIERRE-EN-BURLY,890,1980-03-23,1980-03-23,FR
937,DAMPIERRE-2,PWR,Operational,DAMPIERRE-EN-BURLY,890,1980-12-10,1980-12-10,FR
937,DAMPIERRE-3,PWR,Operational,DAMPIERRE-EN-BURLY,890,1981-01-30,1981-01-30,FR
937,DAMPIERRE-4,PWR,Operational,DAMPIERRE-EN-BURLY,890,1981-08-18,1981-08-18,FR
920,FESSENHEIM-1,PWR,Permanent Shutdown,FESSENHEIM,880,1977-04-06,1977-04-06,FR
920,FESSENHEIM-2,PWR,Permanent Shutdown,FESSENHEIM,880,1977-10-07,1977-10-07,FR
1382,FLAMANVILLE-1,PWR,Operational,FLAMANVILLE,1330,1985-12-04,1985-12-04,FR
1382,FLAMANVILLE-2,PWR,Operational,FLAMANVILLE,1330,1986-07-18,1986-07-18,FR
1650,FLAMANVILLE-3,PWR,Under Construction,FLAMANVILLE,1630,,NA,FR
1363,GOLFECH-1,PWR,Operational,GOLFECH,1310,1990-06-07,1990-06-07,FR
1363,GOLFECH-2,PWR,Operational,GOLFECH,1310,1993-06-18,1993-06-18,FR
951,GRAVELINES-1,PWR,Operational,GRAVELINES,910,1980-03-13,1980-03-13,FR
951,GRAVELINES-2,PWR,Operational,GRAVELINES,910,1980-08-26,1980-08-26,FR
951,GRAVELINES-3,PWR,Operational,GRAVELINES,910,1980-12-12,1980-12-12,FR
951,GRAVELINES-4,PWR,Operational,GRAVELINES,910,1981-06-14,1981-06-14,FR
951,GRAVELINES-5,PWR,Operational,GRAVELINES,910,1984-08-28,1984-08-28,FR
951,GRAVELINES-6,PWR,Operational,GRAVELINES,910,1985-08-01,1985-08-01,FR
43,G-3 (MARCOULE),GCR,Permanent Shutdown,MARCOULE,40,1960-04-04,1960-04-04,FR
43,G-2 (MARCOULE),GCR,Permanent Shutdown,MARCOULE,39,1959-04-22,1959-04-22,FR
75,EL-4 (MONTS D'ARREE),HWGCR,Permanent Shutdown,BRENNILIS,70,1967-07-09,1967-07-09,FR
1363,NOGENT-1,PWR,Operational,NOGENT-SUR-SEINE,1310,1987-10-21,1987-10-21,FR
1363,NOGENT-2,PWR,Operational,NOGENT-SUR-SEINE,1310,1988-12-14,1988-12-14,FR
1382,PALUEL-1,PWR,Operational,PALUEL,1330,1984-06-22,1984-06-22,FR
1382,PALUEL-2,PWR,Operational,PALUEL,1330,1984-09-14,1984-09-14,FR
1382,PALUEL-3,PWR,Operational,PALUEL,1330,1985-09-30,1985-09-30,FR
1382,PALUEL-4,PWR,Operational,PALUEL,1330,1986-04-11,1986-04-11,FR
1382,PENLY-1,PWR,Operational,PENLY,1330,1990-05-04,1990-05-04,FR
1382,PENLY-2,PWR,Operational,PENLY,1330,1992-02-04,1992-02-04,FR
142,PHENIX,FBR,Permanent Shutdown,MARCOULE,130,1973-12-13,1973-12-13,FR
1381,ST. ALBAN-1,PWR,Operational,SAINT-MAURICE-L'EXIL,1335,1985-08-30,1985-08-30,FR
1381,ST. ALBAN-2,PWR,Operational,SAINT-MAURICE-L'EXIL,1335,1986-07-03,1986-07-03,FR
956,ST. LAURENT B-1,PWR,Operational,ST. LAURENT DES EAUX,915,1981-01-21,1981-01-21,FR
956,ST. LAURENT B-2,PWR,Operational,ST. LAURENT DES EAUX,915,1981-06-01,1981-06-01,FR
500,ST. LAURENT A-1,GCR,Permanent Shutdown,ST. LAURENT DES EAUX,390,1969-03-14,1969-03-14,FR
530,ST. LAURENT A-2,GCR,Permanent Shutdown,ST. LAURENT DES EAUX,465,1971-08-09,1971-08-09,FR
955,TRICASTIN-1,PWR,Operational,PIERRELATTE,915,1980-05-31,1980-05-31,FR
955,TRICASTIN-2,PWR,Operational,PIERRELATTE,915,1980-08-07,1980-08-07,FR
955,TRICASTIN-3,PWR,Operational,PIERRELATTE,915,1981-02-10,1981-02-10,FR
955,TRICASTIN-4,PWR,Operational,PIERRELATTE,915,1981-06-12,1981-06-12,FR
15,AVR JUELICH,HTGR,Permanent Shutdown,JUELICH,13,1967-12-17,1967-12-17,DE
1225,BIBLIS-A,PWR,Permanent Shutdown,BIBLIS,1167,1974-08-25,1974-08-25,DE
1300,BIBLIS-B,PWR,Permanent Shutdown,BIBLIS,1240,1976-04-25,1976-04-25,DE
1480,BROKDORF,PWR,Permanent Shutdown,OSTERENDE,1410,1986-10-14,1986-10-14,DE
806,BRUNSBUETTEL,BWR,Permanent Shutdown,BRUNSBUETTEL,771,1976-07-13,1976-07-13,DE
1406,EMSLAND,PWR,Operational,LINGEN (EMS),1335,1988-04-19,1988-04-19,DE
1345,GRAFENRHEINFELD,PWR,Permanent Shutdown,SCHWEINFURT,1275,1981-12-30,1981-12-30,DE
440,GREIFSWALD-1,PWR,Permanent Shutdown,GREIFSWALD,408,1973-12-17,1973-12-17,DE
440,GREIFSWALD-2,PWR,Permanent Shutdown,GREIFSWALD,408,1974-12-23,1974-12-23,DE
440,GREIFSWALD-3,PWR,Permanent Shutdown,GREIFSWALD,408,1977-10-24,1977-10-24,DE
440,GREIFSWALD-4,PWR,Permanent Shutdown,GREIFSWALD,408,1979-09-03,1979-09-03,DE
440,GREIFSWALD-5,PWR,Permanent Shutdown,GREIFSWALD,408,1989-04-24,1989-04-24,DE
1430,GROHNDE,PWR,Permanent Shutdown,GROHNDE,1360,1984-09-05,1984-09-05,DE
1344,GUNDREMMINGEN-B,BWR,Permanent Shutdown,GUNDREMMINGEN,1284,1984-03-16,1984-03-16,DE
1344,GUNDREMMINGEN-C,BWR,Permanent Shutdown,GUNDREMMINGEN,1288,1984-11-02,1984-11-02,DE
250,GUNDREMMINGEN-A,BWR,Permanent Shutdown,GUNDREMMINGEN,237,1966-12-01,1966-12-01,DE
912,ISAR-1,BWR,Permanent Shutdown,ESSENBACH,878,1977-12-03,1977-12-03,DE
1485,ISAR-2,PWR,Operational,ESSENBACH,1410,1988-01-22,1988-01-22,DE
21,KNK II,FBR,Permanent Shutdown,EGGENSTEIN,17,1978-04-09,1978-04-09,DE
1402,KRUEMMEL,BWR,Permanent Shutdown,GEESTHACHT,1346,1983-09-28,1983-09-28,DE
268,LINGEN,BWR,Permanent Shutdown,LINGEN,183,1968-07-01,1968-07-01,DE
1302,MUELHEIM-KAERLICH,PWR,Permanent Shutdown,MULHEIM-KAERLICH,1219,1986-03-14,1986-03-14,DE
57,MZFR,PHWR,Permanent Shutdown,KARLSRUHE,52,1966-03-09,1966-03-09,DE
840,NECKARWESTHEIM-1,PWR,Permanent Shutdown,NECKARWESTHEIM,785,1976-06-03,1976-06-03,DE
1400,NECKARWESTHEIM-2,PWR,Operational,NECKARWESTHEIM,1310,1989-01-03,1989-01-03,DE
357,OBRIGHEIM,PWR,Permanent Shutdown,OBRIGHEIM,340,1968-10-29,1968-10-29,DE
926,PHILIPPSBURG-1,BWR,Permanent Shutdown,PHILIPPSBURG,890,1979-05-05,1979-05-05,DE
1468,PHILIPPSBURG-2,PWR,Permanent Shutdown,PHILIPPSBURG,1402,1984-12-17,1984-12-17,DE
70,RHEINSBERG,PWR,Permanent Shutdown,GRANSEE,62,1966-05-06,1966-05-06,DE
672,STADE,PWR,Permanent Shutdown,STADE,640,1972-01-29,1972-01-29,DE
308,THTR-300,HTGR,Permanent Shutdown,HAMM-UENTROP,296,1985-11-16,1985-11-16,DE
1410,UNTERWESER,PWR,Permanent Shutdown,STADLAND,1345,1978-09-29,1978-09-29,DE
670,WUERGASSEN,BWR,Permanent Shutdown,WUERGASSEN,640,1971-12-18,1971-12-18,DE
509,PAKS-1,PWR,Operational,PAKS,479,1982-12-28,1982-12-28,HU
506,PAKS-2,PWR,Operational,PAKS,479,1984-09-06,1984-09-06,HU
506,PAKS-3,PWR,Operational,PAKS,479,1986-09-28,1986-09-28,HU
506,PAKS-4,PWR,Operational,PAKS,479,1987-08-16,1987-08-16,HU
220,KAIGA-1,PHWR,Operational,KAIGA,202,2000-10-12,2000-10-12,IN
220,KAIGA-2,PHWR,Operational,KAIGA,202,1999-12-02,1999-12-02,IN
220,KAIGA-3,PHWR,Operational,KAIGA,202,2007-04-11,2007-04-11,IN
220,KAIGA-4,PHWR,Operational,KAIGA,202,2011-01-19,2011-01-19,IN
220,KAKRAPAR-2,PHWR,Operational,SURAT,202,1995-03-04,1995-03-04,IN
700,KAKRAPAR-3,PHWR,Operational,SURAT,630,2021-01-10,2021-01-10,IN
700,KAKRAPAR-4,PHWR,Under Construction,SURAT,630,,NA,IN
220,KAKRAPAR-1,PHWR,Operational,SURAT,202,1992-11-24,1992-11-24,IN
1000,KUDANKULAM-1,PWR,Operational,Tirunellveli-Kattabomman,932,2013-10-22,2013-10-22,IN
1000,KUDANKULAM-2,PWR,Operational,Tirunellveli-Kattabomman,932,2016-08-29,2016-08-29,IN
1000,KUDANKULAM-3,PWR,Under Construction,Tirunellveli-Kattabomman,917,,NA,IN
1000,KUDANKULAM-4,PWR,Under Construction,Tirunellveli-Kattabomman,917,,NA,IN
1000,KUDANKULAM-5,PWR,Under Construction,Tirunellveli-Kattabomman,917,,NA,IN
1000,KUDANKULAM-6,PWR,Under Construction,Tirunellveli-Kattabomman,917,,NA,IN
500,PFBR,FBR,Under Construction,MADRAS,470,,NA,IN
220,MADRAS-1,PHWR,Operational,MADRAS,205,1983-07-23,1983-07-23,IN
220,MADRAS-2,PHWR,Operational,MADRAS,205,1985-09-20,1985-09-20,IN
220,"NARORA-1",PHWR,Operational,"NARORA",202,1989-07-29,1989-07-29,IN
220,"NARORA-2",PHWR,Operational,"NARORA",202,1992-01-05,1992-01-05,IN
220,RAJASTHAN-3,PHWR,Operational,KOTA,202,2000-03-10,2000-03-10,IN
220,RAJASTHAN-4,PHWR,Operational,KOTA,202,2000-11-17,2000-11-17,IN
220,RAJASTHAN-5,PHWR,Operational,KOTA,202,2009-12-22,2009-12-22,IN
220,RAJASTHAN-6,PHWR,Operational,KOTA,202,2010-03-28,2010-03-28,IN
700,RAJASTHAN-7,PHWR,Under Construction,KOTA,630,,NA,IN
700,RAJASTHAN-8,PHWR,Under Construction,KOTA,630,,NA,IN
100,RAJASTHAN-1,PHWR,Long-term Shutdown,KOTA,90,1972-11-30,1972-11-30,IN
200,RAJASTHAN-2,PHWR,Operational,KOTA,187,1980-11-01,1980-11-01,IN
160,TARAPUR-1,BWR,Operational,BOISAR,150,1969-04-01,1969-04-01,IN
160,TARAPUR-2,BWR,Operational,BOISAR,150,1969-05-05,1969-05-05,IN
540,TARAPUR-3,PHWR,Operational,BOISAR,490,2006-06-15,2006-06-15,IN
540,TARAPUR-4,PHWR,Operational,BOISAR,490,2005-06-04,2005-06-04,IN
1000,BUSHEHR-1,PWR,Operational,HALILEH,915,2011-09-03,2011-09-03,IR
1057,BUSHEHR-2,PWR,Under Construction,HALILEH,974,,NA,IR
165,FUGEN ATR,HWLWR,Permanent Shutdown,TSURUGA,148,1978-07-29,1978-07-29,JP
784,FUKUSHIMA-DAIICHI-3,BWR,Permanent Shutdown,OHKUMA-MACHI,760,1974-10-26,1974-10-26,JP
784,FUKUSHIMA-DAIICHI-4,BWR,Permanent Shutdown,OHKUMA-MACHI,760,1978-02-24,1978-02-24,JP
784,FUKUSHIMA-DAIICHI-5,BWR,Permanent Shutdown,OHKUMA-MACHI,760,1977-09-22,1977-09-22,JP
1100,FUKUSHIMA-DAIICHI-6,BWR,Permanent Shutdown,OHKUMA-MACHI,1067,1979-05-04,1979-05-04,JP
460,FUKUSHIMA-DAIICHI-1,BWR,Permanent Shutdown,OHKUMA-MACHI,439,1970-11-17,1970-11-17,JP
784,FUKUSHIMA-DAIICHI-2,BWR,Permanent Shutdown,OHKUMA-MACHI,760,1973-12-24,1973-12-24,JP
1100,FUKUSHIMA-DAINI-1,BWR,Permanent Shutdown,"NARAHA-MACHI",1067,1981-07-31,1981-07-31,JP
1100,FUKUSHIMA-DAINI-2,BWR,Permanent Shutdown,"NARAHA-MACHI",1067,1983-06-23,1983-06-23,JP
1100,FUKUSHIMA-DAINI-3,BWR,Permanent Shutdown,"NARAHA-MACHI",1067,1984-12-14,1984-12-14,JP
1100,FUKUSHIMA-DAINI-4,BWR,Permanent Shutdown,"NARAHA-MACHI",1067,1986-12-17,1986-12-17,JP
559,GENKAI-1,PWR,Permanent Shutdown,GENKAI-CHO,529,1975-02-14,1975-02-14,JP
559,GENKAI-2,PWR,Permanent Shutdown,GENKAI-CHO,529,1980-06-03,1980-06-03,JP
1180,GENKAI-3,PWR,Operational,GENKAI-CHO,1127,1993-06-15,1993-06-15,JP
1180,GENKAI-4,PWR,Operational,GENKAI-CHO,1127,1996-11-12,1996-11-12,JP
540,HAMAOKA-1,BWR,Permanent Shutdown,OMAEZAKI-SHI,516,1974-08-13,1974-08-13,JP
840,HAMAOKA-2,BWR,Permanent Shutdown,OMAEZAKI-SHI,814,1978-05-04,1978-05-04,JP
1100,HAMAOKA-3,BWR,Operational,OMAEZAKI-SHI,1056,1987-01-20,1987-01-20,JP
1137,HAMAOKA-4,BWR,Operational,OMAEZAKI-SHI,1092,1993-01-27,1993-01-27,JP
1380,HAMAOKA-5,BWR,Operational,OMAEZAKI-SHI,1325,2004-04-30,2004-04-30,JP
1100,HIGASHI DORI-1 (TOHOKU),BWR,Operational,Higashidori-mura,1067,2005-03-09,2005-03-09,JP
566,IKATA-1,PWR,Permanent Shutdown,IKATA-CHO,538,1977-02-17,1977-02-17,JP
566,IKATA-2,PWR,Permanent Shutdown,IKATA-CHO,538,1981-08-19,1981-08-19,JP
890,IKATA-3,PWR,Operational,IKATA-CHO,846,1994-03-29,1994-03-29,JP
13,JPDR,BWR,Permanent Shutdown,TOKAI-MURA,12,1963-10-26,1963-10-26,JP
1100,KASHIWAZAKI KARIWA-1,BWR,Operational,KASHIWAZAKI-SHI,1067,1985-02-13,1985-02-13,JP
1100,KASHIWAZAKI KARIWA-2,BWR,Operational,KASHIWAZAKI-SHI,1067,1990-02-08,1990-02-08,JP
1100,KASHIWAZAKI KARIWA-5,BWR,Operational,KASHIWAZAKI-SHI,1067,1989-09-12,1989-09-12,JP
1100,KASHIWAZAKI KARIWA-3,BWR,Operational,KASHIWAZAKI-SHI,1067,1992-12-08,1992-12-08,JP
1100,KASHIWAZAKI KARIWA-4,BWR,Operational,KASHIWAZAKI-SHI,1067,1993-12-21,1993-12-21,JP
1356,KASHIWAZAKI KARIWA-6,BWR,Operational,KASHIWAZAKI-SHI,1315,1996-01-29,1996-01-29,JP
1356,KASHIWAZAKI KARIWA-7,BWR,Operational,KASHIWAZAKI-SHI,1315,1996-12-17,1996-12-17,JP
826,MIHAMA-3,PWR,Operational,MIHAMA,780,1976-02-19,1976-02-19,JP
340,MIHAMA-1,PWR,Permanent Shutdown,MIHAMA,320,1970-08-08,1970-08-08,JP
500,MIHAMA-2,PWR,Permanent Shutdown,MIHAMA,470,1972-04-21,1972-04-21,JP
280,MONJU,FBR,Permanent Shutdown,TSURUGA,246,1995-08-29,1995-08-29,JP
1175,OHI-1,PWR,Permanent Shutdown,OHI,1120,1977-12-23,1977-12-23,JP
1175,OHI-2,PWR,Permanent Shutdown,OHI,1120,1978-10-11,1978-10-11,JP
1180,OHI-3,PWR,Operational,OHI,1127,1991-06-07,1991-06-07,JP
1180,OHI-4,PWR,Operational,OHI,1127,1992-06-19,1992-06-19,JP
1383,OHMA,BWR,Under Construction,OHMA,1328,,NA,JP
524,ONAGAWA-1,BWR,Permanent Shutdown,"ONAGAWA, ISHINOMAKI",498,1983-11-18,1983-11-18,JP
825,ONAGAWA-2,BWR,Operational,"ONAGAWA, ISHINOMAKI",796,1994-12-23,1994-12-23,JP
825,ONAGAWA-3,BWR,Operational,"ONAGAWA, ISHINOMAKI",796,2001-05-30,2001-05-30,JP
890,SENDAI-1,PWR,Operational,SATSUMASENDAI,846,1983-09-16,1983-09-16,JP
890,SENDAI-2,PWR,Operational,SATSUMASENDAI,846,1985-04-05,1985-04-05,JP
540,SHIKA-1,BWR,Operational,SHIKA-MACHI,505,1993-01-12,1993-01-12,JP
1206,SHIKA-2,BWR,Operational,SHIKA-MACHI,1108,2005-07-04,2005-07-04,JP
820,SHIMANE-2,BWR,Operational,MATSUE,789,1988-07-11,1988-07-11,JP
1373,SHIMANE-3,BWR,Under Construction,MATSUE,1325,,NA,JP
460,SHIMANE-1,BWR,Permanent Shutdown,MATSUE,439,1973-12-02,1973-12-02,JP
826,TAKAHAMA-2,PWR,Operational,TAKAHAMA,780,1975-01-17,1975-01-17,JP
870,TAKAHAMA-3,PWR,Operational,TAKAHAMA,830,1984-05-09,1984-05-09,JP
870,TAKAHAMA-4,PWR,Operational,TAKAHAMA,830,1984-11-01,1984-11-01,JP
826,TAKAHAMA-1,PWR,Operational,TAKAHAMA,780,1974-03-27,1974-03-27,JP
166,TOKAI-1,GCR,Permanent Shutdown,TOKAI MURA,137,1965-11-10,1965-11-10,JP
1100,TOKAI-2,BWR,Operational,TOKAI MURA,1060,1978-03-13,1978-03-13,JP
579,TOMARI-1,PWR,Operational,TOMARI VILLAGE,550,1988-12-06,1988-12-06,JP
579,TOMARI-2,PWR,Operational,TOMARI VILLAGE,550,1990-08-27,1990-08-27,JP
912,TOMARI-3,PWR,Operational,TOMARI VILLAGE,866,2009-03-20,2009-03-20,JP
357,TSURUGA-1,BWR,Permanent Shutdown,TSURUGA CITY,340,1969-11-16,1969-11-16,JP
1160,TSURUGA-2,PWR,Operational,TSURUGA CITY,1108,1986-06-19,1986-06-19,JP
1041,HANBIT-3,PWR,Operational,Yeonggwang-gun,986,1994-10-30,1994-10-30,KR
1022,HANBIT-4,PWR,Operational,Yeonggwang-gun,970,1995-07-18,1995-07-18,KR
1050,HANBIT-5,PWR,Operational,Yeonggwang-gun,992,2001-12-19,2001-12-19,KR
1053,HANBIT-6,PWR,Operational,Yeonggwang-gun,993,2002-09-16,2002-09-16,KR
1025,HANBIT-1,PWR,Operational,Yeonggwang-gun,995,1986-03-05,1986-03-05,KR
1025,HANBIT-2,PWR,Operational,Yeonggwang-gun,988,1986-11-11,1986-11-11,KR
1010,HANUL-2,PWR,Operational,Ulchin-gun,967,1989-04-14,1989-04-14,KR
1051,HANUL-3,PWR,Operational,Ulchin-gun,997,1998-01-06,1998-01-06,KR
1053,HANUL-4,PWR,Operational,Ulchin-gun,999,1998-12-28,1998-12-28,KR
1049,HANUL-5,PWR,Operational,Ulchin-gun,998,2003-12-18,2003-12-18,KR
1050,HANUL-6,PWR,Operational,Ulchin-gun,997,2005-01-07,2005-01-07,KR
1013,HANUL-1,PWR,Operational,Ulchin-gun,966,1988-04-07,1988-04-07,KR
607,KORI-1,PWR,Permanent Shutdown,Gijang-gun,576,1977-06-26,1977-06-26,KR
681,KORI-2,PWR,Operational,Gijang-gun,640,1983-04-22,1983-04-22,KR
1046,KORI-3,PWR,Operational,Gijang-gun,1011,1985-01-22,1985-01-22,KR
1046,KORI-4,PWR,Operational,Gijang-gun,1012,1985-12-31,1985-12-31,KR
1400,SHIN-HANUL-1,PWR,Operational,Ulchin-gun,1340,2022-06-09,2022-06-09,KR
1400,SHIN-HANUL-2,PWR,Under Construction,Ulchin-gun,1340,,NA,KR
1046,SHIN-KORI-1,PWR,Operational,Busan & Ulsan,996,2010-08-04,2010-08-04,KR
1047,SHIN-KORI-2,PWR,Operational,Busan & Ulsan,996,2012-01-28,2012-01-28,KR
1488,SHIN-KORI-3,PWR,Operational,Ulsan,1416,2016-01-15,2016-01-15,KR
1493,SHIN-KORI-4,PWR,Operational,Ulsan,1418,2019-04-22,2019-04-22,KR
1400,SHIN-KORI-5,PWR,Under Construction,Ulsan,1340,,NA,KR
1400,SHIN-KORI-6,PWR,Under Construction,Ulsan,1340,,NA,KR
1048,SHIN-WOLSONG-1,PWR,Operational,Gyeongju-si,997,2012-01-27,2012-01-27,KR
1050,SHIN-WOLSONG-2,PWR,Operational,Gyeongju-si,993,2015-02-26,2015-02-26,KR
628,WOLSONG-3,PHWR,Operational,Gyeongju-si,607,1998-03-25,1998-03-25,KR
595,WOLSONG-4,PHWR,Operational,Gyeongju-si,575,1999-05-21,1999-05-21,KR
683,WOLSONG-1,PHWR,Permanent Shutdown,Gyeongju-si,661,1982-12-31,1982-12-31,KR
592,WOLSONG-2,PHWR,Operational,Gyeongju-si,582,1997-04-01,1997-04-01,KR
805,LAGUNA VERDE-1,BWR,Operational,ALTO LUCERO,777,1989-04-12,1989-04-12,MX
803,LAGUNA VERDE-2,BWR,Operational,ALTO LUCERO,775,1994-11-11,1994-11-11,MX
515,BORSSELE,PWR,Operational,BORSSELE,482,1973-07-04,1973-07-04,NL
60,DODEWAARD,BWR,Permanent Shutdown,DODEWAARD,55,1968-10-18,1968-10-18,NL
325,CHASNUPP-1,PWR,Operational,KUNDIAN,300,2000-06-13,2000-06-13,PK
325,CHASNUPP-2,PWR,Operational,KUNDIAN,300,2011-03-14,2011-03-14,PK
340,CHASNUPP-3,PWR,Operational,KUNDIAN,315,2016-10-15,2016-10-15,PK
340,CHASNUPP-4,PWR,Operational,KUNDIAN,313,2017-06-25,2017-06-25,PK
100,KANUPP-1,PHWR,Permanent Shutdown,Karachi,90,1971-10-18,1971-10-18,PK
1100,KANUPP-2,PWR,Operational,Karachi,1014,2021-03-18,2021-03-18,PK
1100,KANUPP-3,PWR,Operational,Karachi,1014,2022-03-04,2022-03-04,PK
706,CERNAVODA-1,PHWR,Operational,CERNAVODA,650,1996-07-11,1996-07-11,RO
705,CERNAVODA-2,PHWR,Operational,CERNAVODA,650,2007-08-07,2007-08-07,RO
6,APS-1 OBNINSK,LWGR,Permanent Shutdown,OBNINSK,5,1954-06-27,1954-06-27,RU
1000,BALAKOVO-1,PWR,Operational,BALAKOVO,950,1985-12-28,1985-12-28,RU
1000,BALAKOVO-2,PWR,Operational,BALAKOVO,950,1987-10-08,1987-10-08,RU
1000,BALAKOVO-3,PWR,Operational,BALAKOVO,950,1988-12-25,1988-12-25,RU
1000,BALAKOVO-4,PWR,Operational,BALAKOVO,950,1993-04-11,1993-04-11,RU
1194,BALTIC-1,PWR,Under Construction,Neman,1109,,NA,RU
885,BELOYARSK-4,FBR,Operational,ZARECHNYY,820,2015-12-10,2015-12-10,RU
600,BELOYARSK-3,FBR,Operational,ZARECHNYY,560,1980-04-08,1980-04-08,RU
108,BELOYARSK-1,LWGR,Permanent Shutdown,ZARECHNYY,102,1964-04-26,1964-04-26,RU
160,BELOYARSK-2,LWGR,Permanent Shutdown,ZARECHNYY,146,1967-12-29,1967-12-29,RU
12,BILIBINO-1,LWGR,Permanent Shutdown,Bilibino,11,1974-01-12,1974-01-12,RU
12,BILIBINO-2,LWGR,Operational,Bilibino,11,1974-12-30,1974-12-30,RU
12,BILIBINO-3,LWGR,Operational,Bilibino,11,1975-12-22,1975-12-22,RU
12,BILIBINO-4,LWGR,Operational,Bilibino,11,1976-12-27,1976-12-27,RU
1000,KALININ-1,PWR,Operational,UDOMLYA,950,1984-05-09,1984-05-09,RU
1000,KALININ-2,PWR,Operational,UDOMLYA,950,1986-12-03,1986-12-03,RU
1000,KALININ-3,PWR,Operational,UDOMLYA,950,2004-12-16,2004-12-16,RU
1000,KALININ-4,PWR,Operational,UDOMLYA,950,2011-11-24,2011-11-24,RU
440,KOLA-1,PWR,Operational,POLYARNYYE ZORI,411,1973-06-29,1973-06-29,RU
440,KOLA-2,PWR,Operational,POLYARNYYE ZORI,411,1974-12-09,1974-12-09,RU
440,KOLA-3,PWR,Operational,POLYARNYYE ZORI,411,1981-03-24,1981-03-24,RU
440,KOLA-4,PWR,Operational,POLYARNYYE ZORI,411,1984-10-11,1984-10-11,RU
1255,KURSK 2-1,PWR,Under Construction,KURCHATOV,1175,,NA,RU
1000,KURSK-1,LWGR,Permanent Shutdown,KURCHATOV,925,1976-12-19,1976-12-19,RU
1255,KURSK 2-2,PWR,Under Construction,KURCHATOV,1175,,NA,RU
1000,KURSK-2,LWGR,Operational,KURCHATOV,925,1979-01-28,1979-01-28,RU
1000,KURSK-3,LWGR,Operational,KURCHATOV,925,1983-10-17,1983-10-17,RU
1000,KURSK-4,LWGR,Operational,KURCHATOV,925,1985-12-02,1985-12-02,RU
1000,LENINGRAD-1,LWGR,Permanent Shutdown,SOSNOVYY BOR,925,1973-12-21,1973-12-21,RU
1000,LENINGRAD-2,LWGR,Permanent Shutdown,SOSNOVYY BOR,925,1975-07-11,1975-07-11,RU
1188,LENINGRAD 2-1,PWR,Operational,SOSNOVYY BOR,1101,2018-03-09,2018-03-09,RU
1188,LENINGRAD 2-2,PWR,Operational,SOSNOVYY BOR,1101,2020-10-22,2020-10-22,RU
1000,LENINGRAD-3,LWGR,Operational,SOSNOVYY BOR,925,1979-12-07,1979-12-07,RU
1000,LENINGRAD-4,LWGR,Operational,SOSNOVYY BOR,925,1981-02-09,1981-02-09,RU
417,NOVOVORONEZH-4,PWR,Operational,NOVOVORONEZH,385,1972-12-28,1972-12-28,RU
1000,NOVOVORONEZH-5,PWR,Operational,NOVOVORONEZH,950,1980-05-31,1980-05-31,RU
210,NOVOVORONEZH-1,PWR,Permanent Shutdown,NOVOVORONEZH,197,1964-09-30,1964-09-30,RU
365,NOVOVORONEZH-2,PWR,Permanent Shutdown,NOVOVORONEZH,336,1969-12-27,1969-12-27,RU
417,NOVOVORONEZH-3,PWR,Permanent Shutdown,NOVOVORONEZH,385,1971-12-27,1971-12-27,RU
1180,NOVOVORONEZH 2-1,PWR,Operational,NOVOVORONEZH,1100,2016-08-05,2016-08-05,RU
1181,NOVOVORONEZH 2-2,PWR,Operational,NOVOVORONEZH,1101,2019-05-01,2019-05-01,RU
35,AKADEMIK LOMONOSOV-1,PWR,Operational,PEVEK,32,2019-12-19,2019-12-19,RU
35,AKADEMIK LOMONOSOV-2,PWR,Operational,PEVEK,32,2019-12-19,2019-12-19,RU
320,BREST-OD-300,FBR,Under Construction,SEVERSK,300,,NA,RU
1000,SMOLENSK-1,LWGR,Operational,DESNOGORSK,925,1982-12-09,1982-12-09,RU
1000,SMOLENSK-2,LWGR,Operational,DESNOGORSK,925,1985-05-31,1985-05-31,RU
1000,SMOLENSK-3,LWGR,Operational,DESNOGORSK,925,1990-01-17,1990-01-17,RU
1041,ROSTOV-1,PWR,Operational,VOLGODONSK,989,2001-03-30,2001-03-30,RU
1000,ROSTOV-2,PWR,Operational,VOLGODONSK,950,2010-03-18,2010-03-18,RU
1000,ROSTOV-3,PWR,Operational,VOLGODONSK,950,2014-12-27,2014-12-27,RU
1030,ROSTOV-4,PWR,Operational,VOLGODONSK,979,2018-02-02,2018-02-02,RU
143,BOHUNICE A1,HWGCR,Permanent Shutdown,Jaslovské Bohunice,93,1972-12-25,1972-12-25,SK
440,BOHUNICE-1,PWR,Permanent Shutdown,Jaslovske Bohunice,408,1978-12-17,1978-12-17,SK
440,BOHUNICE-2,PWR,Permanent Shutdown,Jaslovske Bohunice,408,1980-03-26,1980-03-26,SK
500,BOHUNICE-3,PWR,Operational,Jaslovske Bohunice,466,1984-08-20,1984-08-20,SK
500,BOHUNICE-4,PWR,Operational,Jaslovske Bohunice,466,1985-08-09,1985-08-09,SK
500,MOCHOVCE-1,PWR,Operational,LEVICE,467,1998-07-04,1998-07-04,SK
500,MOCHOVCE-2,PWR,Operational,LEVICE,469,1999-12-20,1999-12-20,SK
471,MOCHOVCE-3,PWR,Under Construction,LEVICE,440,,NA,SK
471,MOCHOVCE-4,PWR,Under Construction,LEVICE,440,,NA,SK
970,KOEBERG-1,PWR,Operational,DUYNEFONTEIN,924,1984-04-04,1984-04-04,ZA
970,KOEBERG-2,PWR,Operational,DUYNEFONTEIN,930,1985-07-25,1985-07-25,ZA
1049,ALMARAZ-1,PWR,Operational,ALMARAZ,1011,1981-05-01,1981-05-01,ES
1044,ALMARAZ-2,PWR,Operational,ALMARAZ,1006,1983-10-08,1983-10-08,ES
1033,ASCO-1,PWR,Operational,ASCO,995,1983-08-13,1983-08-13,ES
1027,ASCO-2,PWR,Operational,ASCO,997,1985-10-23,1985-10-23,ES
1102,COFRENTES,BWR,Operational,COFRENTES,1064,1984-10-14,1984-10-14,ES
150,JOSE CABRERA-1,PWR,Permanent Shutdown,ALMONACID DE ZORITA,141,1968-07-14,1968-07-14,ES
466,SANTA MARIA DE GARONA,BWR,Permanent Shutdown,SANTA MARIA DE GARONA,446,1971-03-02,1971-03-02,ES
1066,TRILLO-1,PWR,Operational,TRILLO,1003,1988-05-23,1988-05-23,ES
1087,VANDELLOS-2,PWR,Operational,VANDELLOS,1047,1987-12-12,1987-12-12,ES
500,VANDELLOS-1,GCR,Permanent Shutdown,VANDELLOS,480,1972-05-06,1972-05-06,ES
12,AGESTA,PHWR,Permanent Shutdown,AGESTA,10,1964-05-01,1964-05-01,SE
615,BARSEBACK-1,BWR,Permanent Shutdown,BARSEBACK,600,1975-05-15,1975-05-15,SE
615,BARSEBACK-2,BWR,Permanent Shutdown,BARSEBACK,600,1977-03-21,1977-03-21,SE
1157,FORSMARK-2,BWR,Operational,OESTHAMMAR,1121,1981-01-26,1981-01-26,SE
1195,FORSMARK-3,BWR,Operational,OESTHAMMAR,1172,1985-03-05,1985-03-05,SE
1027,FORSMARK-1,BWR,Operational,OESTHAMMAR,990,1980-06-06,1980-06-06,SE
1450,OSKARSHAMN-3,BWR,Operational,OSKARSHAMN,1400,1985-03-03,1985-03-03,SE
492,OSKARSHAMN-1,BWR,Permanent Shutdown,OSKARSHAMN,473,1971-08-19,1971-08-19,SE
661,OSKARSHAMN-2,BWR,Permanent Shutdown,OSKARSHAMN,638,1974-10-02,1974-10-02,SE
1171,RINGHALS-4,PWR,Operational,RINGHALS,1130,1982-06-23,1982-06-23,SE
910,RINGHALS-1,BWR,Permanent Shutdown,RINGHALS,881,1974-10-14,1974-10-14,SE
963,RINGHALS-2,PWR,Permanent Shutdown,RINGHALS,852,1974-08-17,1974-08-17,SE
1117,RINGHALS-3,PWR,Operational,RINGHALS,1072,1980-09-07,1980-09-07,SE
380,BEZNAU-1,PWR,Operational,BEZNAU,365,1969-07-17,1969-07-17,CH
380,BEZNAU-2,PWR,Operational,BEZNAU,365,1971-10-23,1971-10-23,CH
1060,GOESGEN,PWR,Operational,DAENIKEN,1010,1979-02-02,1979-02-02,CH
1275,LEIBSTADT,BWR,Operational,LEIBSTADT,1233,1984-05-24,1984-05-24,CH
7,LUCENS,HWGCR,Permanent Shutdown,1522 Lucens,6,1968-01-29,1968-01-29,CH
390,MUEHLEBERG,BWR,Permanent Shutdown,MUEHLEBERG,373,1971-07-01,1971-07-01,CH
800,CHERNOBYL-1,LWGR,Permanent Shutdown,PRIPYAT,740,1977-09-26,1977-09-26,UA
1000,CHERNOBYL-2,LWGR,Permanent Shutdown,PRIPYAT,925,1978-12-21,1978-12-21,UA
1000,CHERNOBYL-3,LWGR,Permanent Shutdown,PRIPYAT,925,1981-12-03,1981-12-03,UA
1000,CHERNOBYL-4,LWGR,Permanent Shutdown,PRIPYAT,925,1983-12-22,1983-12-22,UA
1000,KHMELNITSKI-1,PWR,Operational,NETESHIN,950,1987-12-31,1987-12-31,UA
1000,KHMELNITSKI-2,PWR,Operational,NETESHIN,950,2004-08-07,2004-08-07,UA
1089,KHMELNITSKI-3,PWR,Under Construction,NETESHIN,1035,,NA,UA
1089,KHMELNITSKI-4,PWR,Under Construction,NETESHIN,1035,,NA,UA
420,ROVNO-1,PWR,Operational,VARASH,381,1980-12-22,1980-12-22,UA
415,ROVNO-2,PWR,Operational,VARASH,376,1981-12-22,1981-12-22,UA
1000,ROVNO-3,PWR,Operational,VARASH,950,1986-12-21,1986-12-21,UA
1000,ROVNO-4,PWR,Operational,VARASH,950,2004-10-10,2004-10-10,UA
1000,SOUTH UKRAINE-1,PWR,Operational,NIKOLAYEV OBLAST,950,1982-12-31,1982-12-31,UA
1000,SOUTH UKRAINE-2,PWR,Operational,NIKOLAYEV OBLAST,950,1985-01-06,1985-01-06,UA
1000,SOUTH UKRAINE-3,PWR,Operational,NIKOLAYEV OBLAST,950,1989-09-20,1989-09-20,UA
1000,ZAPOROZHYE-5,PWR,Operational,ENERGODAR,950,1989-08-14,1989-08-14,UA
1000,ZAPOROZHYE-6,PWR,Operational,ENERGODAR,950,1995-10-19,1995-10-19,UA
1000,ZAPOROZHYE-1,PWR,Operational,ENERGODAR,950,1984-12-10,1984-12-10,UA
1000,ZAPOROZHYE-2,PWR,Operational,ENERGODAR,950,1985-07-22,1985-07-22,UA
1000,ZAPOROZHYE-3,PWR,Operational,ENERGODAR,950,1986-12-10,1986-12-10,UA
1000,ZAPOROZHYE-4,PWR,Operational,ENERGODAR,950,1987-12-18,1987-12-18,UA
1417,BARAKAH-1,PWR,Operational,Ruwais,1417,2020-08-19,2020-08-19,AE
1417,BARAKAH-2,PWR,Operational,Ruwais,1345,2021-09-14,2021-09-14,AE
1400,BARAKAH-3,PWR,Under Construction,Ruwais,1345,,NA,AE
1400,BARAKAH-4,PWR,Under Construction,Ruwais,1345,,NA,AE
166,BERKELEY-1,GCR,Permanent Shutdown,RIVER SEVERN,138,1962-06-12,1962-06-12,GB
166,BERKELEY-2,GCR,Permanent Shutdown,RIVER SEVERN,138,1962-06-24,1962-06-24,GB
146,BRADWELL-1,GCR,Permanent Shutdown,BLACKWATER ESTUARY,123,1962-07-01,1962-07-01,GB
146,BRADWELL-2,GCR,Permanent Shutdown,BLACKWATER ESTUARY,123,1962-07-06,1962-07-06,GB
60,CALDER HALL-1,GCR,Permanent Shutdown,SEASCALE,49,1956-08-27,1956-08-27,GB
60,CALDER HALL-2,GCR,Permanent Shutdown,SEASCALE,49,1957-02-01,1957-02-01,GB
60,CALDER HALL-3,GCR,Permanent Shutdown,SEASCALE,49,1958-03-01,1958-03-01,GB
60,CALDER HALL-4,GCR,Permanent Shutdown,SEASCALE,49,1959-04-01,1959-04-01,GB
60,CHAPELCROSS-1,GCR,Permanent Shutdown,ANNAN,48,1959-02-01,1959-02-01,GB
60,CHAPELCROSS-2,GCR,Permanent Shutdown,ANNAN,48,1959-07-01,1959-07-01,GB
60,CHAPELCROSS-3,GCR,Permanent Shutdown,ANNAN,48,1959-11-01,1959-11-01,GB
60,CHAPELCROSS-4,GCR,Permanent Shutdown,ANNAN,48,1960-01-01,1960-01-01,GB
15,DOUNREAY DFR,FBR,Permanent Shutdown,DOUNREAY CAITHNESS,11,1962-10-01,1962-10-01,GB
230,DUNGENESS A-1,GCR,Permanent Shutdown,ROMNEY MARSH,225,1965-09-21,1965-09-21,GB
230,DUNGENESS A-2,GCR,Permanent Shutdown,ROMNEY MARSH,225,1965-11-01,1965-11-01,GB
615,DUNGENESS B-1,GCR,Permanent Shutdown,Romney Marsh,545,1983-04-03,1983-04-03,GB
615,DUNGENESS B-2,GCR,Permanent Shutdown,Romney Marsh,545,1985-12-29,1985-12-29,GB
655,HARTLEPOOL A-1,GCR,Operational,HARTLEPOOL,590,1983-08-01,1983-08-01,GB
655,HARTLEPOOL A-2,GCR,Operational,HARTLEPOOL,595,1984-10-31,1984-10-31,GB
625,HEYSHAM A-1,GCR,Operational,HEYSHAM,485,1983-07-09,1983-07-09,GB
625,HEYSHAM A-2,GCR,Operational,HEYSHAM,575,1984-10-11,1984-10-11,GB
680,HEYSHAM B-1,GCR,Operational,HEYSHAM,620,1988-07-12,1988-07-12,GB
680,HEYSHAM B-2,GCR,Operational,HEYSHAM,620,1988-11-11,1988-11-11,GB
267,HINKLEY POINT A-1,GCR,Permanent Shutdown,HINKLEY POINT,235,1965-02-16,1965-02-16,GB
267,HINKLEY POINT A-2,GCR,Permanent Shutdown,HINKLEY POINT,235,1965-03-19,1965-03-19,GB
655,HINKLEY POINT B-1,GCR,Permanent Shutdown,HINKLEY,485,1976-10-30,1976-10-30,GB
655,HINKLEY POINT B-2,GCR,Permanent Shutdown,HINKLEY,480,1976-02-05,1976-02-05,GB
1720,HINKLEY POINT C-1,PWR,Under Construction,Bridgwater,1630,,NA,GB
1720,HINKLEY POINT C-2,PWR,Under Construction,Bridgwater,1630,,NA,GB
173,HUNTERSTON A-1,GCR,Permanent Shutdown,HUNTERSTON,150,1964-02-05,1964-02-05,GB
173,HUNTERSTON A-2,GCR,Permanent Shutdown,HUNTERSTON,150,1964-06-01,1964-06-01,GB
644,HUNTERSTON B-1,GCR,Permanent Shutdown,HUNTERSTON,490,1976-02-06,1976-02-06,GB
644,HUNTERSTON B-2,GCR,Permanent Shutdown,HUNTERSTON,495,1977-03-31,1977-03-31,GB
230,OLDBURY A-1,GCR,Permanent Shutdown,OLDBURY ON SEVERN,217,1967-11-07,1967-11-07,GB
230,OLDBURY A-2,GCR,Permanent Shutdown,OLDBURY ON SEVERN,217,1968-04-06,1968-04-06,GB
250,DOUNREAY PFR,FBR,Permanent Shutdown,DOUNREAY,234,1975-01-10,1975-01-10,GB
245,SIZEWELL A-1,GCR,Permanent Shutdown,SIZEWELL,210,1966-01-21,1966-01-21,GB
245,SIZEWELL A-2,GCR,Permanent Shutdown,SIZEWELL,210,1966-04-09,1966-04-09,GB
1250,SIZEWELL B,PWR,Operational,Leiston,1198,1995-02-14,1995-02-14,GB
682,TORNESS-1,GCR,Operational,DUNBAR,595,1988-05-25,1988-05-25,GB
682,TORNESS-2,GCR,Operational,DUNBAR,605,1989-02-03,1989-02-03,GB
235,TRAWSFYNYDD-1,GCR,Permanent Shutdown,MERIONETHSHIRE,195,1965-01-14,1965-01-14,GB
235,TRAWSFYNYDD-2,GCR,Permanent Shutdown,MERIONETHSHIRE,195,1965-02-02,1965-02-02,GB
36,WINDSCALE AGR,GCR,Permanent Shutdown,WINDSCALE,24,1963-02-01,1963-02-01,GB
100,WINFRITH SGHWR,SGHWR,Permanent Shutdown,DORCHESTER,92,1967-12-01,1967-12-01,GB
530,WYLFA-1,GCR,Permanent Shutdown,ANGLESEY,490,1971-01-24,1971-01-24,GB
540,WYLFA-2,GCR,Permanent Shutdown,ANGLESEY,490,1971-07-21,1971-07-21,GB
903,ANO-1,PWR,Operational,POPE,836,1974-08-17,1974-08-17,US
1065,ANO-2,PWR,Operational,POPE,988,1978-12-26,1978-12-26,US
959,BEAVER VALLEY-1,PWR,Operational,SHIPPINGPORT,908,1976-06-14,1976-06-14,US
958,BEAVER VALLEY-2,PWR,Operational,SHIPPINGPORT,905,1987-08-17,1987-08-17,US
71,BIG ROCK POINT,BWR,Permanent Shutdown,CHARLEVOIX,67,1962-12-08,1962-12-08,US
18,BONUS,BWR,Permanent Shutdown,Rincon,17,1964-08-14,1964-08-14,US
1270,BRAIDWOOD-1,PWR,Operational,BRAIDWOOD,1194,1987-07-12,1987-07-12,US
1230,BRAIDWOOD-2,PWR,Operational,BRAIDWOOD,1160,1988-05-25,1988-05-25,US
1256,BROWNS FERRY-1,BWR,Operational,DECATUR,1200,1973-10-15,1973-10-15,US
1259,BROWNS FERRY-2,BWR,Operational,DECATUR,1200,1974-08-28,1974-08-28,US
1260,BROWNS FERRY-3,BWR,Operational,DECATUR,1210,1976-09-12,1976-09-12,US
960,BRUNSWICK-2,BWR,Operational,SOUTHPORT,932,1975-04-29,1975-04-29,US
990,BRUNSWICK-1,BWR,Operational,SOUTHPORT,938,1976-12-04,1976-12-04,US
1242,BYRON-1,PWR,Operational,BYRON,1164,1985-03-01,1985-03-01,US
1210,BYRON-2,PWR,Operational,BYRON,1136,1987-02-06,1987-02-06,US
1275,CALLAWAY-1,PWR,Operational,FULTON,1215,1984-10-24,1984-10-24,US
918,CALVERT CLIFFS-1,PWR,Operational,LUSBY,877,1975-01-03,1975-01-03,US
911,CALVERT CLIFFS-2,PWR,Operational,LUSBY,855,1976-12-07,1976-12-07,US
1188,CATAWBA-1,PWR,Operational,YORK COUNTY,1160,1985-01-22,1985-01-22,US
1188,CATAWBA-2,PWR,Operational,YORK COUNTY,1150,1986-05-18,1986-05-18,US
1098,CLINTON-1,BWR,Operational,HART TOWNSHIP,1062,1987-04-24,1987-04-24,US
1190,COLUMBIA,BWR,Operational,BENTON,1131,1984-05-27,1984-05-27,US
1259,COMANCHE PEAK-1,PWR,Operational,GLEN ROSE,1205,1990-04-24,1990-04-24,US
1250,COMANCHE PEAK-2,PWR,Operational,GLEN ROSE,1195,1993-04-09,1993-04-09,US
801,COOPER,BWR,Operational,BROWNVILLE,769,1974-05-10,1974-05-10,US
890,CRYSTAL RIVER-3,PWR,Permanent Shutdown,,860,1977-01-30,1977-01-30,US
19,CVTR,PHWR,Permanent Shutdown,Parr,17,1963-12-18,1963-12-18,US
925,DAVIS BESSE-1,PWR,Operational,OTTAWA,894,1977-08-28,1977-08-28,US
1197,DIABLO CANYON-1,PWR,Operational,AVILA BEACH,1138,1984-11-11,1984-11-11,US
1197,DIABLO CANYON-2,PWR,Operational,AVILA BEACH,1118,1985-10-20,1985-10-20,US
1131,COOK-1,PWR,Operational,BRIDGMAN,1030,1975-02-10,1975-02-10,US
1231,COOK-2,PWR,Operational,BRIDGMAN,1168,1978-03-22,1978-03-22,US
207,DRESDEN-1,BWR,Permanent Shutdown,MORRIS,197,1960-04-15,1960-04-15,US
950,DRESDEN-2,BWR,Operational,MORRIS,894,1970-04-13,1970-04-13,US
935,DRESDEN-3,BWR,Operational,MORRIS,879,1971-07-22,1971-07-22,US
624,DUANE ARNOLD-1,BWR,Permanent Shutdown,PALO,601,1974-05-19,1974-05-19,US
24,ELK RIVER,BWR,Permanent Shutdown,,22,1963-08-24,1963-08-24,US
65,FERMI-1,FBR,Permanent Shutdown,LAGOONA BEACH,61,1966-08-05,1966-08-05,US
1198,FERMI-2,BWR,Operational,LAGOONA BEACH,1115,1986-09-21,1986-09-21,US
918,FARLEY-1,PWR,Operational,DOTHAN,874,1977-08-18,1977-08-18,US
928,FARLEY-2,PWR,Operational,DOTHAN,883,1981-05-25,1981-05-25,US
849,FITZPATRICK,BWR,Operational,OSWEGO,813,1975-02-01,1975-02-01,US
512,FORT CALHOUN-1,PWR,Permanent Shutdown,FORT CALHOUN,482,1973-08-25,1973-08-25,US
342,FORT ST. VRAIN,HTGR,Permanent Shutdown,PLATTEVILLE,330,1976-12-11,1976-12-11,US
1500,GRAND GULF-1,BWR,Operational,PORT GIBSON,1401,1984-10-20,1984-10-20,US
780,ROBINSON-2,PWR,Operational,HARTSVILLE,741,1970-09-26,1970-09-26,US
603,HADDAM NECK,PWR,Permanent Shutdown,HADDAM NECK,560,1967-08-07,1967-08-07,US
911,HATCH-1,BWR,Operational,BAXLEY,876,1974-11-11,1974-11-11,US
921,HATCH-2,BWR,Operational,BAXLEY,883,1978-09-22,1978-09-22,US
1240,HOPE CREEK-1,BWR,Operational,SALEM,1172,1986-08-01,1986-08-01,US
65,HUMBOLDT BAY,BWR,Permanent Shutdown,EUREKA,63,1963-04-18,1963-04-18,US
277,INDIAN POINT-1,PWR,Permanent Shutdown,BUCHANAN,257,1962-09-16,1962-09-16,US
1067,INDIAN POINT-2,PWR,Permanent Shutdown,BUCHANAN,998,1973-06-26,1973-06-26,US
1085,INDIAN POINT-3,PWR,Permanent Shutdown,BUCHANAN,1030,1976-04-25,1976-04-25,US
595,KEWAUNEE,PWR,Permanent Shutdown,CARLTON,566,1974-04-08,1974-04-08,US
55,LACROSSE,BWR,Permanent Shutdown,GENOA,48,1968-04-26,1968-04-26,US
1207,LASALLE-1,BWR,Operational,MARSEILLES,1137,1982-09-04,1982-09-04,US
1207,LASALLE-2,BWR,Operational,MARSEILLES,1140,1984-04-20,1984-04-20,US
1194,LIMERICK-1,BWR,Operational,LIMERICK,1134,1985-04-13,1985-04-13,US
1194,LIMERICK-2,BWR,Operational,LIMERICK,1134,1989-09-01,1989-09-01,US
900,MAINE YANKEE,PWR,Permanent Shutdown,WISCASSET,860,1972-11-08,1972-11-08,US
1215,MCGUIRE-1,PWR,Operational,CORNELIUS,1158,1981-09-12,1981-09-12,US
1215,MCGUIRE-2,PWR,Operational,CORNELIUS,1158,1983-05-23,1983-05-23,US
684,MILLSTONE-1,BWR,Permanent Shutdown,WATERFORD,641,1970-11-29,1970-11-29,US
918,MILLSTONE-2,PWR,Operational,WATERFORD,869,1975-11-09,1975-11-09,US
1280,MILLSTONE-3,PWR,Operational,WATERFORD,1210,1986-02-12,1986-02-12,US
691,MONTICELLO,BWR,Operational,MONTICELLO,628,1971-03-05,1971-03-05,US
84,HALLAM,X,Permanent Shutdown,Lincoln,75,1963-09-01,1963-09-01,US
642,NINE MILE POINT-1,BWR,Operational,SCRIBA,613,1969-11-09,1969-11-09,US
1320,NINE MILE POINT-2,BWR,Operational,SCRIBA,1277,1987-08-08,1987-08-08,US
990,NORTH ANNA-1,PWR,Operational,MINERAL,948,1978-04-17,1978-04-17,US
1011,NORTH ANNA-2,PWR,Operational,MINERAL,944,1980-08-25,1980-08-25,US
891,OCONEE-1,PWR,Operational,OCONEE,847,1973-05-06,1973-05-06,US
891,OCONEE-2,PWR,Operational,OCONEE,848,1973-12-05,1973-12-05,US
900,OCONEE-3,PWR,Operational,OCONEE,859,1974-09-18,1974-09-18,US
652,OYSTER CREEK,BWR,Permanent Shutdown,FORKED RIVER,619,1969-09-23,1969-09-23,US
850,PALISADES,PWR,Permanent Shutdown,SOUTH HAVEN,805,1971-12-29,1971-12-29,US
1414,PALO VERDE-1,PWR,Operational,WINTERSBURG,1311,1985-06-10,1985-06-10,US
1414,PALO VERDE-2,PWR,Operational,WINTERSBURG,1314,1986-05-20,1986-05-20,US
1414,PALO VERDE-3,PWR,Operational,WINTERSBURG,1312,1987-11-28,1987-11-28,US
63,PATHFINDER,BWR,Permanent Shutdown,,59,1966-07-25,1966-07-25,US
42,PEACH BOTTOM-1,HTGR,Permanent Shutdown,YORK COUNTY,40,1967-01-27,1967-01-27,US
1412,PEACH BOTTOM-2,BWR,Operational,YORK COUNTY,1300,1974-02-18,1974-02-18,US
1412,PEACH BOTTOM-3,BWR,Operational,YORK COUNTY,1331,1974-09-01,1974-09-01,US
1303,PERRY-1,BWR,Operational,PERRY,1240,1986-12-19,1986-12-19,US
711,PILGRIM-1,BWR,Permanent Shutdown,PLYMOUTH,677,1972-07-19,1972-07-19,US
12,PIQUA,X,Permanent Shutdown,Piqua,12,1963-07-01,1963-07-01,US
640,POINT BEACH-1,PWR,Operational,TWO CREEKS,591,1970-11-06,1970-11-06,US
640,POINT BEACH-2,PWR,Operational,TWO CREEKS,591,1972-08-02,1972-08-02,US
566,PRAIRIE ISLAND-1,PWR,Operational,RED WING,522,1973-12-04,1973-12-04,US
560,PRAIRIE ISLAND-2,PWR,Operational,RED WING,519,1974-12-21,1974-12-21,US
940,QUAD CITIES-1,BWR,Operational,CORDOVA,908,1972-04-12,1972-04-12,US
940,QUAD CITIES-2,BWR,Operational,CORDOVA,911,1972-05-23,1972-05-23,US
608,GINNA,PWR,Operational,ONTARIO,560,1969-12-02,1969-12-02,US
917,RANCHO SECO-1,PWR,Permanent Shutdown,SACRAMENTO,873,1974-10-13,1974-10-13,US
1016,RIVER BEND-1,BWR,Operational,ST.FRANCISVILLE,967,1985-12-03,1985-12-03,US
1254,SALEM-1,PWR,Operational,SALEM,1169,1976-12-25,1976-12-25,US
1200,SALEM-2,PWR,Operational,SALEM,1158,1981-06-03,1981-06-03,US
456,SAN ONOFRE-1,PWR,Permanent Shutdown,SAN CLEMENTE,436,1967-07-16,1967-07-16,US
1127,SAN ONOFRE-2,PWR,Permanent Shutdown,SAN CLEMENTE,1070,1982-09-20,1982-09-20,US
1127,SAN ONOFRE-3,PWR,Permanent Shutdown,SAN CLEMENTE,1080,1983-09-25,1983-09-25,US
3,SAXTON,PWR,Permanent Shutdown,,3,1967-03-01,1967-03-01,US
1296,SEABROOK-1,PWR,Operational,SEABROOK,1246,1990-05-29,1990-05-29,US
1221,SEQUOYAH-1,PWR,Operational,DAISY,1152,1980-07-22,1980-07-22,US
1200,SEQUOYAH-2,PWR,Operational,DAISY,1139,1981-12-23,1981-12-23,US
980,HARRIS-1,PWR,Operational,NEW HILL,964,1987-01-19,1987-01-19,US
68,SHIPPINGPORT,PWR,Permanent Shutdown,,60,1957-12-02,1957-12-02,US
849,SHOREHAM,BWR,Permanent Shutdown,SHOREHAM,820,1986-08-01,1986-08-01,US
1354,SOUTH TEXAS-1,PWR,Operational,BAY CITY,1280,1988-03-30,1988-03-30,US
1354,SOUTH TEXAS-2,PWR,Operational,BAY CITY,1280,1989-04-11,1989-04-11,US
1045,ST. LUCIE-1,PWR,Operational,FORT PIERCE,981,1976-05-07,1976-05-07,US
1050,ST. LUCIE-2,PWR,Operational,FORT PIERCE,987,1983-06-13,1983-06-13,US
890,SURRY-1,PWR,Operational,GRAVEL NECK,838,1972-07-04,1972-07-04,US
890,SURRY-2,PWR,Operational,GRAVEL NECK,838,1973-03-10,1973-03-10,US
1330,SUSQUEHANNA-1,BWR,Operational,SALEM,1257,1982-11-16,1982-11-16,US
1330,SUSQUEHANNA-2,BWR,Operational,SALEM,1257,1984-07-03,1984-07-03,US
880,THREE MILE ISLAND-1,PWR,Permanent Shutdown,DAUPHIN,819,1974-06-19,1974-06-19,US
959,THREE MILE ISLAND-2,PWR,Permanent Shutdown,DAUPHIN,880,1978-04-21,1978-04-21,US
1155,TROJAN,PWR,Permanent Shutdown,PRESCOTT,1095,1975-12-23,1975-12-23,US
829,TURKEY POINT-3,PWR,Operational,FLORIDA CITY,837,1972-11-02,1972-11-02,US
829,TURKEY POINT-4,PWR,Operational,FLORIDA CITY,821,1973-06-21,1973-06-21,US
24,GE VALLECITOS,BWR,Permanent Shutdown,"Pleasanton, Sunol",24,1957-10-19,1957-10-19,US
635,VERMONT YANKEE,BWR,Permanent Shutdown,VERNON,605,1972-09-20,1972-09-20,US
1006,SUMMER-1,PWR,Operational,JENKINSVILLE,973,1982-11-16,1982-11-16,US
1229,VOGTLE-1,PWR,Operational,WAYNESBORO,1150,1987-03-27,1987-03-27,US
1229,VOGTLE-2,PWR,Operational,WAYNESBORO,1152,1989-04-10,1989-04-10,US
1250,VOGTLE-3,PWR,Under Construction,WAYNESBORO,1117,,NA,US
1250,VOGTLE-4,PWR,Under Construction,WAYNESBORO,1117,,NA,US
1250,WATERFORD-3,PWR,Operational,TAFT,1168,1985-03-18,1985-03-18,US
1210,WATTS BAR-1,PWR,Operational,SPRING CITY,1157,1996-02-06,1996-02-06,US
1218,WATTS BAR-2,PWR,Operational,SPRING CITY,1164,2016-06-03,2016-06-03,US
1285,WOLF CREEK,PWR,Operational,BURLINGTON,1200,1985-06-12,1985-06-12,US
180,YANKEE NPS,PWR,Permanent Shutdown,ROWE,167,1960-11-10,1960-11-10,US
1085,ZION-1,PWR,Permanent Shutdown,ZION,1040,1973-06-28,1973-06-28,US
1085,ZION-2,PWR,Permanent Shutdown,ZION,1040,1973-12-26,1973-12-26,US
727,KRSKO,PWR,Operational,KRSKO,688,1981-10-02,1981-10-02,SI
